brand,file_urls,files,model,product,product_lang,source,thumb,type,url
indurama.com,https://latam.indurama.com/_externo/infomail/pdf/infomail_2304.pdf,,50TIKGFQLED,Televisor,es,latam.indurama.com,https://latam.indurama.com/sites/default/files/1.TV-Indurama-50TIKGFQLED.png,infomail,https://latam.indurama.com/es/productos/50tikgfqled
indurama.com,https://latam.indurama.com/_externo/infomail/pdf/infomail_2305.pdf,,58TIKGFQLED,Televisor,es,latam.indurama.com,https://latam.indurama.com/sites/default/files/1.TV-Indurama-58TIKGFQLED.png,infomail,https://latam.indurama.com/es/productos/58tikgfqled
indurama.com,https://latam.indurama.com/_externo/infomail/pdf/infomail_2036.pdf,,CI-145BL,Congeladores Tapa sólida,es,latam.indurama.com,https://latam.indurama.com/sites/default/files/1.CH%20145-TS.png,infomail,https://latam.indurama.com/es/productos/CI-145BL
indurama.com,https://latam.indurama.com/_externo/infomail/pdf/infomail_2035.pdf,,CI-199IBL,Congeladores Tapa sólida,es,latam.indurama.com,https://latam.indurama.com/sites/default/files/1.CI-200BL.png,infomail,https://latam.indurama.com/es/productos/CI-199IBL
indurama.com,https://latam.indurama.com/_externo/infomail/pdf/infomail_1875.pdf,,CAF-BCI,Cafetera,es,latam.indurama.com,https://latam.indurama.com/sites/default/files/1.CAFETERA-BA%CC%81SICA-CAF-BCI.png,infomail,https://latam.indurama.com/es/productos/caf-bci
indurama.com,https://latam.indurama.com/_externo/infomail/pdf/infomail_1970.pdf,,PA-38IND,Purificador De Aire,es,latam.indurama.com,https://latam.indurama.com/sites/default/files/1.PURIFICADOR-AIRE-PA-38.png,infomail,https://latam.indurama.com/es/productos/pa-38ind
indurama.com,https://latam.indurama.com/_externo/infomail/pdf/infomail_172.pdf,,VFV-400,Vitrinas,es,latam.indurama.com,https://latam.indurama.com/sites/default/files/1.VFV-400.png,infomail,https://latam.indurama.com/es/productos/vfv-400
indurama.com,https://latam.indurama.com/_externo/infomail/pdf/infomail_2322.pdf,,CEI-90NE,Campana Extractora,es,latam.indurama.com,https://latam.indurama.com/sites/default/files/1.CEI-90NE.png,infomail,https://latam.indurama.com/es/productos/cei-90ne
indurama.com,https://latam.indurama.com/_externo/infomail/pdf/infomail_151.pdf,,CEI-60CRP,Campana Extractora,es,latam.indurama.com,https://latam.indurama.com/sites/default/files/1.CEI-60CRP.png,infomail,https://latam.indurama.com/es/productos/cei-60crp
indurama.com,https://latam.indurama.com/_externo/infomail/pdf/infomail_908.pdf,,CEI-75CRP,Campana Extractora,es,latam.indurama.com,https://latam.indurama.com/sites/default/files/1.CEI-75CRP.png,infomail,https://latam.indurama.com/es/productos/cei-75crp
indurama.com,https://latam.indurama.com/_externo/infomail/pdf/infomail_2235.pdf,,Bilbao,Cocinas a Gas,es,latam.indurama.com,https://latam.indurama.com/sites/default/files/BilbaoSUD_3.png,infomail,https://latam.indurama.com/bo/productos/bilbao
indurama.com,https://latam.indurama.com/_externo/infomail/pdf/infomail_2236.pdf,,Viena,Cocinas a Gas,es,latam.indurama.com,https://latam.indurama.com/sites/default/files/Viena_5.png,infomail,https://latam.indurama.com/bo/productos/viena
indurama.com,https://latam.indurama.com/_externo/infomail/pdf/infomail_2254.pdf,,43TIKFCFHD,AndroidTV,es,latam.indurama.com,https://latam.indurama.com/sites/default/files/TV%2043%20FHD%2043TIKFCFHD_1.png,infomail,https://latam.indurama.com/pe/productos/43tikfcfhd
indurama.com,https://latam.indurama.com/_externo/infomail/pdf/infomail_2253.pdf,,43TIKGFUHD4K,AndroidTV,es,latam.indurama.com,https://latam.indurama.com/sites/default/files/TV%2043%20UHD%204K%2043TIKGFUHD4K_1.png,infomail,https://latam.indurama.com/pe/productos/43tikgfuhd4k
indurama.com,https://latam.indurama.com/sites/default/files/MANUAL%20LRI-19CR_LRI-21CR_0.pdf,,LRI-19CRI,Lavadora Automatica,es,latam.indurama.com,https://latam.indurama.com/sites/default/files/lri-19-cri.png,manual,https://latam.indurama.com/pe/productos/lri-19cri
indurama.com,https://latam.indurama.com/_externo/infomail/pdf/infomail_706.pdf,,LRI-19CRI,Lavadora Automatica,es,latam.indurama.com,https://latam.indurama.com/sites/default/files/lri-19-cri.png,infomail,https://latam.indurama.com/pe/productos/lri-19cri
indurama.com,https://latam.indurama.com/sites/default/files/MANUAL%20LRI-19CR_LRI-21CR.pdf,,LRI-21CRI,Lavadora Automatica,es,latam.indurama.com,https://latam.indurama.com/sites/default/files/lri-19-cri.png,manual,https://latam.indurama.com/pe/productos/lri-21cri
indurama.com,https://latam.indurama.com/_externo/infomail/pdf/infomail_728.pdf,,LRI-21CRI,Lavadora Automatica,es,latam.indurama.com,https://latam.indurama.com/sites/default/files/lri-19-cri.png,infomail,https://latam.indurama.com/pe/productos/lri-21cri
indurama.com,https://latam.indurama.com/sites/default/files/USER_%20MANUAL_FAI-35MN_FAI-35DN_0.pdf,,FAI-35DN,Freidoras de Aire,es,latam.indurama.com,https://latam.indurama.com/sites/default/files/FAI-35DN-1_0.png,manual,https://latam.indurama.com/pe/productos/fai-35dn
indurama.com,https://latam.indurama.com/_externo/infomail/pdf/infomail_2064.pdf,,FAI-35DN,Freidoras de Aire,es,latam.indurama.com,https://latam.indurama.com/sites/default/files/FAI-35DN-1_0.png,infomail,https://latam.indurama.com/pe/productos/fai-35dn
indurama.com,https://latam.indurama.com/sites/default/files/USER_%20MANUAL_FAI-35MN_FAI-35DN.pdf,,FAI-35MN,Freidoras de Aire,es,latam.indurama.com,https://latam.indurama.com/sites/default/files/FAI-35MN-1.png,manual,https://latam.indurama.com/pe/productos/fai-35mn
indurama.com,https://latam.indurama.com/_externo/infomail/pdf/infomail_2065.pdf,,FAI-35MN,Freidoras de Aire,es,latam.indurama.com,https://latam.indurama.com/sites/default/files/FAI-35MN-1.png,infomail,https://latam.indurama.com/pe/productos/fai-35mn
indurama.com,https://latam.indurama.com/sites/default/files/User%20Manual%20LRI-13BLA%20LRI-13DGR%20LRI-15DGR.pdf,,LRI-13DGR,Lavadora Automatica,es,latam.indurama.com,https://latam.indurama.com/sites/default/files/LRI-13DGR-1.png,manual,https://latam.indurama.com/pe/productos/lri-13dgr
indurama.com,https://latam.indurama.com/_externo/infomail/pdf/infomail_2059.pdf,,LRI-13DGR,Lavadora Automatica,es,latam.indurama.com,https://latam.indurama.com/sites/default/files/LRI-13DGR-1.png,infomail,https://latam.indurama.com/pe/productos/lri-13dgr
indurama.com,https://latam.indurama.com/sites/default/files/User%20Manual%20LRI-13BLA%20LRI-13DGR%20LRI-15DGR.pdf,,LRI-13BLA,Lavadora Automatica,es,latam.indurama.com,https://latam.indurama.com/sites/default/files/LRI-13BLA-1.png,manual,https://latam.indurama.com/pe/productos/lri-13bla
indurama.com,https://latam.indurama.com/_externo/infomail/pdf/infomail_2060.pdf,,LRI-13BLA,Lavadora Automatica,es,latam.indurama.com,https://latam.indurama.com/sites/default/files/LRI-13BLA-1.png,infomail,https://latam.indurama.com/pe/productos/lri-13bla
indurama.com,https://latam.indurama.com/sites/default/files/MANUAL%20DE%20USUARIO%20RI-389_RI-389D.pdf,,RI-389,Refrigeradora,es,latam.indurama.com,https://latam.indurama.com/sites/default/files/RI-389-1.png,manual,https://latam.indurama.com/pe/productos/ri-389
indurama.com,https://latam.indurama.com/_externo/infomail/pdf/infomail_2057.pdf,,RI-389,Refrigeradora,es,latam.indurama.com,https://latam.indurama.com/sites/default/files/RI-389-1.png,infomail,https://latam.indurama.com/pe/productos/ri-389
indurama.com,https://latam.indurama.com/sites/default/files/MANUAL%20DE%20USUARIO%20RI-389_RI-389D.pdf,,RI-389D,Refrigeradora,es,latam.indurama.com,https://latam.indurama.com/sites/default/files/RI-389D-1.png,manual,https://latam.indurama.com/pe/productos/ri-389d
indurama.com,https://latam.indurama.com/_externo/infomail/pdf/infomail_2058.pdf,,RI-389D,Refrigeradora,es,latam.indurama.com,https://latam.indurama.com/sites/default/files/RI-389D-1.png,infomail,https://latam.indurama.com/pe/productos/ri-389d
indurama.com,https://latam.indurama.com/_externo/infomail/pdf/infomail_2128.pdf,,RI-639DN,Refrigeradora,es,latam.indurama.com,https://latam.indurama.com/sites/default/files/IMG-11.png,infomail,https://latam.indurama.com/pe/productos/ri-639dn
indurama.com,https://latam.indurama.com/_externo/infomail/pdf/infomail_2266.pdf,,RI-289DBL,Refrigeración,es,latam.indurama.com,https://latam.indurama.com/sites/default/files/1-RI-289DBL.png,infomail,https://latam.indurama.com/pe/productos/ri-289dbl
indurama.com,https://latam.indurama.com/_externo/infomail/pdf/infomail_2267.pdf,,RI-289D,Refrigeración,es,latam.indurama.com,https://latam.indurama.com/sites/default/files/1-RI-289D.png,infomail,https://latam.indurama.com/pe/productos/ri-289d
indurama.com,https://latam.indurama.com/_externo/infomail/pdf/infomail_2268.pdf,,RI-439,Refrigeración,es,latam.indurama.com,https://latam.indurama.com/sites/default/files/1-RI439-FRONTAL-CERRADA.png,infomail,https://latam.indurama.com/pe/productos/ri-439
indurama.com,https://latam.indurama.com/_externo/infomail/pdf/infomail_2269.pdf,,RI-439D,Refrigeración,es,latam.indurama.com,https://latam.indurama.com/sites/default/files/1-RI-439D-FRONTAL-CERRADA.png,infomail,https://latam.indurama.com/pe/productos/ri-439d
indurama.com,https://latam.indurama.com/_externo/infomail/pdf/infomail_2270.pdf,,RI-698,Refrigeración,es,latam.indurama.com,https://latam.indurama.com/sites/default/files/1-RI-439.png,infomail,https://latam.indurama.com/pe/productos/ri-698
indurama.com,https://latam.indurama.com/_externo/infomail/pdf/infomail_2271.pdf,,RI-698N,Refrigeración,es,latam.indurama.com,https://latam.indurama.com/sites/default/files/1-RI-698N-ANGULO-DERECHA.png,infomail,https://latam.indurama.com/pe/productos/ri-698n
indurama.com,https://latam.indurama.com/_externo/infomail/pdf/infomail_2334.pdf,,Cantabria,Línea Quarzo Home,es,latam.indurama.com,https://latam.indurama.com/sites/default/files/1-CANTABRIA-650x650.png,infomail,https://latam.indurama.com/pe/productos/cantabria
indurama.com,https://latam.indurama.com/_externo/infomail/pdf/infomail_2335.pdf,,Cataluña,Línea Quarzo Home,es,latam.indurama.com,https://latam.indurama.com/sites/default/files/1-CATALUN%CC%83A-650x650.png,infomail,https://latam.indurama.com/pe/productos/catalu%C3%B1a
indurama.com,https://latam.indurama.com/_externo/infomail/pdf/infomail_2336.pdf,,Coruña,Línea Quarzo Home,es,latam.indurama.com,https://latam.indurama.com/sites/default/files/1-CORUN%CC%83A-650x650.png,infomail,https://latam.indurama.com/pe/productos/coru%C3%B1a-1
indurama.com,https://latam.indurama.com/_externo/infomail/pdf/infomail_2338.pdf,,Viena,Línea Quarzo Home,es,latam.indurama.com,https://latam.indurama.com/sites/default/files/1-VIENA-650x650.png,infomail,https://latam.indurama.com/pe/productos/viena-1
indurama.com,https://latam.indurama.com/_externo/infomail/pdf/infomail_2337.pdf,,Olvera,Línea Quarzo Home,es,latam.indurama.com,https://latam.indurama.com/sites/default/files/1-OLVERA%20650x650.png,infomail,https://latam.indurama.com/pe/productos/olvera
indurama.com,https://latam.indurama.com/sites/default/files/User%20Manual%20LRI-13BLA%20LRI-13DGR%20LRI-15DGR.pdf,,LRI-15DGR,Lavadora Automatica,es,latam.indurama.com,https://latam.indurama.com/sites/default/files/LRI-15DGR-1.png,manual,https://latam.indurama.com/pe/productos/lri-15dgr
indurama.com,https://latam.indurama.com/_externo/infomail/pdf/infomail_2061.pdf,,LRI-15DGR,Lavadora Automatica,es,latam.indurama.com,https://latam.indurama.com/sites/default/files/LRI-15DGR-1.png,infomail,https://latam.indurama.com/pe/productos/lri-15dgr
indurama.com,https://latam.indurama.com/_externo/infomail/pdf/infomail_2255.pdf,,50TIKGFUHD4K,AndroidTV,es,latam.indurama.com,https://latam.indurama.com/sites/default/files/TV%2050%20UHD%204K%2050TIKGFUHD4K_1.png,infomail,https://latam.indurama.com/pe/productos/50tikgfuhd4k
indurama.com,https://latam.indurama.com/_externo/infomail/pdf/infomail_2256.pdf,,58TIKGFUHD4K,AndroidTV,es,latam.indurama.com,https://latam.indurama.com/sites/default/files/TV%2058%20UHD%204K%2058TIKGFUHD4K_1.png,infomail,https://latam.indurama.com/pe/productos/58tikgfuhd4k
indurama.com,https://latam.indurama.com/_externo/infomail/pdf/infomail_2257.pdf,,65TIKGFUHD4K,AndroidTV,es,latam.indurama.com,https://latam.indurama.com/sites/default/files/TV-65-UHD-4K-65TIKGFUHD4K-1.png,infomail,https://latam.indurama.com/pe/productos/65tikgfuhd4k
indurama.com,https://latam.indurama.com/sites/default/files/NA3204%20Manual%20VITRINA%20VFV_6.pdf,,VFV-520,Refrigeración Comercial,es,latam.indurama.com,https://latam.indurama.com/sites/default/files/refri-sinfondo3.png,manual,https://latam.indurama.com/bo/productos/vfv-520-0
indurama.com,https://latam.indurama.com/_externo/infomail/pdf/infomail_2239.pdf,,VFV-520,Refrigeración Comercial,es,latam.indurama.com,https://latam.indurama.com/sites/default/files/refri-sinfondo3.png,infomail,https://latam.indurama.com/bo/productos/vfv-520-0
indurama.com,https://latam.indurama.com/_externo/infomail/pdf/infomail_2114.pdf,,Florencia,COCINAS A GAS,es,latam.indurama.com,https://latam.indurama.com/sites/default/files/1_3.png,infomail,https://latam.indurama.com/bo/productos/florencia-0
indurama.com,https://latam.indurama.com/_externo/infomail/pdf/infomail_2244.pdf,,Sevilla,Cocinas a Gas,es,latam.indurama.com,https://latam.indurama.com/sites/default/files/1_Sevilla.png,infomail,https://latam.indurama.com/bo/productos/sevilla-0
indurama.com,https://latam.indurama.com/_externo/infomail/pdf/infomail_2234.pdf,,Galicia,Cocinas a Gas,es,latam.indurama.com,https://latam.indurama.com/sites/default/files/1_18.png,infomail,https://latam.indurama.com/bo/productos/galicia-0
indurama.com,https://latam.indurama.com/_externo/infomail/pdf/infomail_2115.pdf,,Varese,Cocinas a Gas,es,latam.indurama.com,https://latam.indurama.com/sites/default/files/1_4.png,infomail,https://latam.indurama.com/bo/productos/varese-0
indurama.com,https://latam.indurama.com/_externo/infomail/pdf/infomail_2116.pdf,,Firenze,Cocinas a Gas,es,latam.indurama.com,https://latam.indurama.com/sites/default/files/1_5.png,infomail,https://latam.indurama.com/bo/productos/firenze
indurama.com,https://latam.indurama.com/_externo/infomail/pdf/infomail_2117.pdf,,Roma,Cocinas a Gas,es,latam.indurama.com,https://latam.indurama.com/sites/default/files/1_6.png,infomail,https://latam.indurama.com/bo/productos/roma-0
indurama.com,https://latam.indurama.com/_externo/infomail/pdf/infomail_2118.pdf,,Montecarlo,Cocinas a Gas,es,latam.indurama.com,https://latam.indurama.com/sites/default/files/1_7.png,infomail,https://latam.indurama.com/bo/productos/montecarlo-0
indurama.com,https://latam.indurama.com/_externo/infomail/pdf/infomail_2069.pdf,,Trento,Cocinas a Gas,es,latam.indurama.com,https://latam.indurama.com/sites/default/files/Trento-02.png,infomail,https://latam.indurama.com/uy/productos/trento
indurama.com,https://latam.indurama.com/sites/default/files/90003205%20Manual%20enci%20Induccion%20EI4PVE53%20armado.pdf,,EI4PVE53,Anafes,es,latam.indurama.com,https://latam.indurama.com/sites/default/files/EI4PVE53.png,manual,https://latam.indurama.com/uy/productos/ei4pve53
indurama.com,https://latam.indurama.com/_externo/infomail/pdf/infomail_2083.pdf,,EI4PVE53,Anafes,es,latam.indurama.com,https://latam.indurama.com/sites/default/files/EI4PVE53.png,infomail,https://latam.indurama.com/uy/productos/ei4pve53
indurama.com,https://latam.indurama.com/_externo/infomail/pdf/infomail_1962.pdf,,Bilbao,Cocinas a Gas,es,latam.indurama.com,https://latam.indurama.com/sites/default/files/BilbaoSUD_3.png,infomail,https://latam.indurama.com/uy/productos/bilbao
indurama.com,https://latam.indurama.com/_externo/infomail/pdf/infomail_1963.pdf,,Viena,Cocinas a Gas,es,latam.indurama.com,https://latam.indurama.com/sites/default/files/Viena_5.png,infomail,https://latam.indurama.com/uy/productos/viena
indurama.com,https://latam.indurama.com/_externo/infomail/pdf/infomail_2163.pdf,,Milán,Cocinas a Gas,es,latam.indurama.com,https://latam.indurama.com/sites/default/files/1%20%282%29_1.png,infomail,https://latam.indurama.com/uy/productos/mil%C3%A1n-0
indurama.com,https://latam.indurama.com/sites/default/files/MANUAL%20ZAFIRO%20ES%2009-11_11.pdf,,Florencia,Cocinas a Gas,es,latam.indurama.com,https://latam.indurama.com/sites/default/files/1%20%282%29_3.png,manual,https://latam.indurama.com/uy/productos/florencia-0
indurama.com,https://latam.indurama.com/_externo/infomail/pdf/infomail_2161.pdf,,Florencia,Cocinas a Gas,es,latam.indurama.com,https://latam.indurama.com/sites/default/files/1%20%282%29_3.png,infomail,https://latam.indurama.com/uy/productos/florencia-0
indurama.com,https://latam.indurama.com/sites/default/files/MANUAL%20ZAFIRO%20ES%2009-11_8.pdf,,Ibiza,Cocinas a Gas,es,latam.indurama.com,https://latam.indurama.com/sites/default/files/1%20%282%29_7.png,manual,https://latam.indurama.com/uy/productos/ibiza
indurama.com,https://latam.indurama.com/_externo/infomail/pdf/infomail_2248.pdf,,Ibiza,Cocinas a Gas,es,latam.indurama.com,https://latam.indurama.com/sites/default/files/1%20%282%29_7.png,infomail,https://latam.indurama.com/uy/productos/ibiza
indurama.com,https://latam.indurama.com/_externo/infomail/pdf/infomail_2164.pdf,,Varese,Cocinas a Gas,es,latam.indurama.com,https://latam.indurama.com/sites/default/files/1_19.png,infomail,https://latam.indurama.com/uy/productos/varese-0
indurama.com,https://latam.indurama.com/sites/default/files/MANUAL%20ZAFIRO%20ES%2009-11_2.pdf,,Firenze,Cocinas a Gas,es,latam.indurama.com,https://latam.indurama.com/sites/default/files/1_20.png,manual,https://latam.indurama.com/uy/productos/firenze
indurama.com,https://latam.indurama.com/_externo/infomail/pdf/infomail_2249.pdf,,Firenze,Cocinas a Gas,es,latam.indurama.com,https://latam.indurama.com/sites/default/files/1_20.png,infomail,https://latam.indurama.com/uy/productos/firenze
indurama.com,https://latam.indurama.com/_externo/infomail/pdf/infomail_145.pdf,,CEI-90CRVC,Campana Extractora,es,latam.indurama.com,https://latam.indurama.com/sites/default/files/1.CAMPANA-CEI-90CRVC.png,infomail,https://latam.indurama.com/es/productos/cei-90crvc
indurama.com,https://latam.indurama.com/_externo/infomail/pdf/infomail_146.pdf,, CEI-90CRVI,Campana Extractora,es,latam.indurama.com,https://latam.indurama.com/sites/default/files/1.CAMPANA-CEI-90CRVI.png,infomail,https://latam.indurama.com/es/productos/cei-90crvi
indurama.com,https://latam.indurama.com/_externo/infomail/pdf/infomail_2319.pdf,,CEI-90CRP,Campana Extractora,es,latam.indurama.com,https://latam.indurama.com/sites/default/files/1.CEI-90CRP.png,infomail,https://latam.indurama.com/es/productos/cei-90crp
indurama.com,https://latam.indurama.com/_externo/infomail/pdf/infomail_2084.pdf,,Montecarlo,Cocinas a Gas,es,latam.indurama.com,https://latam.indurama.com/sites/default/files/A.png,infomail,https://latam.indurama.com/uy/productos/montecarlo
indurama.com,https://latam.indurama.com/_externo/infomail/pdf/infomail_143.pdf,,CEI-90NEVC,Campana Extractora,es,latam.indurama.com,https://latam.indurama.com/sites/default/files/2.CAMPANA-CEI-90NEVC.png,infomail,https://latam.indurama.com/es/productos/cei-90nevc
indurama.com,https://latam.indurama.com/_externo/infomail/pdf/infomail_2313.pdf,,VFV-400L,Vitrinas,es,latam.indurama.com,https://latam.indurama.com/sites/default/files/1.VFV-400L.png,infomail,https://latam.indurama.com/es/productos/vfv-400l
indurama.com,https://latam.indurama.com/_externo/infomail/pdf/infomail_2314.pdf,,VFV-520,Vitrinas,es,latam.indurama.com,https://latam.indurama.com/sites/default/files/1.VFV-520.png,infomail,https://latam.indurama.com/es/productos/vfv-520
indurama.com,https://latam.indurama.com/_externo/infomail/pdf/infomail_2283.pdf,,CEI-90NMO,Campana Extractora,es,latam.indurama.com,https://latam.indurama.com/sites/default/files/1.CAMPANA-CEI-90NMO.png,infomail,https://latam.indurama.com/es/productos/cei-90nmo
indurama.com,https://latam.indurama.com/_externo/infomail/pdf/infomail_144.pdf,,CEI-90VDNRC,Campana Extractora,es,latam.indurama.com,https://latam.indurama.com/sites/default/files/1.CAMPANA-CEI-90VDNRC.png,infomail,https://latam.indurama.com/es/productos/cei-90vdnrc
indurama.com,https://latam.indurama.com/_externo/infomail/pdf/infomail_2286.pdf,,ASI-244I, Aire acondicionado y purificadores,es,latam.indurama.com,https://latam.indurama.com/sites/default/files/1..png,infomail,https://latam.indurama.com/es/productos/asi-244i
indurama.com,https://latam.indurama.com/_externo/infomail/pdf/infomail_2285.pdf,,ASI-124I, Aire acondicionado y purificadores,es,latam.indurama.com,https://latam.indurama.com/sites/default/files/1.ASI-124I.png,infomail,https://latam.indurama.com/es/productos/asi-124i
indurama.com,https://latam.indurama.com/_externo/infomail/pdf/infomail_2316.pdf,,VFV-520L,Vitrinas,es,latam.indurama.com,https://latam.indurama.com/sites/default/files/1.VFV-520L_0.png,infomail,https://latam.indurama.com/es/productos/vfv-520l
indurama.com,https://latam.indurama.com/_externo/infomail/pdf/infomail_2284.pdf,,ASI-124A, Aire acondicionado y purificadores,es,latam.indurama.com,https://latam.indurama.com/sites/default/files/1.ASI-124A.png,infomail,https://latam.indurama.com/es/productos/asi-124a
indurama.com,https://latam.indurama.com/_externo/infomail/pdf/infomail_2287.pdf,,ASI-244A, Aire acondicionado y purificadores,es,latam.indurama.com,https://latam.indurama.com/sites/default/files/1.ASI-244A.png,infomail,https://latam.indurama.com/es/productos/asi-244a
indurama.com,https://latam.indurama.com/_externo/infomail/pdf/infomail_1831.pdf,,LRI-11BLSAP,Lavadora semiautomatica,es,latam.indurama.com,https://latam.indurama.com/sites/default/files/1.LAVADORA-LRI-11BLSAP.png,infomail,https://latam.indurama.com/es/productos/lri-11blsap
indurama.com,https://latam.indurama.com/_externo/infomail/pdf/infomail_166.pdf,,MCI-CR,Cafetera con Molino,es,latam.indurama.com,https://latam.indurama.com/sites/default/files/1.CAFETERA-MOLINO-MCI-CR.png,infomail,https://latam.indurama.com/es/productos/mci-cr
indurama.com,https://latam.indurama.com/_externo/infomail/pdf/infomail_1832.pdf,,LRI-13BLSA,Lavadora semiautomatica,es,latam.indurama.com,https://latam.indurama.com/sites/default/files/1.LAVADORA-LRI-13BLSA.png,infomail,https://latam.indurama.com/es/productos/lri-13blsa
indurama.com,https://latam.indurama.com/_externo/infomail/pdf/infomail_1836.pdf,,LRI-15BLSA,Lavadora semiautomatica,es,latam.indurama.com,https://latam.indurama.com/sites/default/files/1.LAVADORA-LRI-15BLSA.png,infomail,https://latam.indurama.com/es/productos/lri-15blsa
indurama.com,https://latam.indurama.com/_externo/infomail/pdf/infomail_2278.pdf,,MWI-20BL,Microondas,es,latam.indurama.com,https://latam.indurama.com/sites/default/files/1.MICRO-20L-MWI-20BL.png,infomail,https://latam.indurama.com/es/productos/mwi-20bl
indurama.com,https://latam.indurama.com/_externo/infomail/pdf/infomail_2280.pdf,,MWI-30NE,Microondas,es,latam.indurama.com,https://latam.indurama.com/sites/default/files/1.MICROONDAS-MWI-30NE.png,infomail,https://latam.indurama.com/es/productos/mwi-30ne
indurama.com,https://latam.indurama.com/_externo/infomail/pdf/infomail_2010.pdf,,HTI-25CR,Horno Air Fryer,es,latam.indurama.com,https://latam.indurama.com/sites/default/files/1.HORNO-AIR-FRYERHTI-25CR-AF.png,infomail,https://latam.indurama.com/es/productos/hti-25cr
indurama.com,https://latam.indurama.com/_externo/infomail/pdf/infomail_2307.pdf,,AFI-3.5,Horno Air Fryer,es,latam.indurama.com,https://latam.indurama.com/sites/default/files/1.AIR%20FRYER-AFI-3.5.png,infomail,https://latam.indurama.com/es/productos/afi-35
indurama.com,https://latam.indurama.com/_externo/infomail/pdf/infomail_165.pdf,,MWI-20CR,Microondas,es,latam.indurama.com,https://latam.indurama.com/sites/default/files/1.MICROONDAS-MWI-20CR.png,infomail,https://latam.indurama.com/es/productos/mwi-20cr
indurama.com,https://latam.indurama.com/_externo/infomail/pdf/infomail_164.pdf,,MWI-30CR,Microondas,es,latam.indurama.com,https://latam.indurama.com/sites/default/files/1.MICROONDAS-MWI-30CR.png,infomail,https://latam.indurama.com/es/productos/mwi-30cr
indurama.com,https://latam.indurama.com/_externo/infomail/pdf/infomail_2025.pdf,,MWGI-42CR,Microondas,es,latam.indurama.com,https://latam.indurama.com/sites/default/files/1.MICROONDAS-MWGI-42CR.png,infomail,https://latam.indurama.com/es/productos/mwgi-42cr
indurama.com,https://latam.indurama.com/_externo/infomail/pdf/infomail_2033.pdf,,CI-399IBL,Congeladores Tapa sólida,es,latam.indurama.com,https://latam.indurama.com/sites/default/files/1.CI-399BL.png,infomail,https://latam.indurama.com/es/productos/CI-399IBL
indurama.com,https://latam.indurama.com/_externo/infomail/pdf/infomail_2034.pdf,,CI-299IBL,Congeladores Tapa sólida,es,latam.indurama.com,https://latam.indurama.com/sites/default/files/1.CI-299BL.png,infomail,https://latam.indurama.com/es/productos/CI-299IBL
indurama.com,https://latam.indurama.com/_externo/infomail/pdf/infomail_2032.pdf,,CI-700lBL,Congeladores Tapa sólida,es,latam.indurama.com,https://latam.indurama.com/sites/default/files/1.CI-700BL.png,infomail,https://latam.indurama.com/es/productos/CI-700lBL
indurama.com,https://latam.indurama.com/_externo/infomail/pdf/infomail_42.pdf,,RI-480,Refrigeradora Manija Frontal,es,latam.indurama.com,https://latam.indurama.com/sites/default/files/1.RI-480-MF.png,infomail,https://latam.indurama.com/es/productos/ri-480
indurama.com,https://latam.indurama.com/_externo/infomail/pdf/infomail_2310.pdf,,CI-200-TM,Congeladores Tapa sólida,es,latam.indurama.com,https://latam.indurama.com/sites/default/files/1.CI-200-TM.png,infomail,https://latam.indurama.com/es/productos/ci-200-tm
indurama.com,https://latam.indurama.com/_externo/infomail/pdf/infomail_2312.pdf,,CI-400-TM,Congeladores Tapa sólida,es,latam.indurama.com,https://latam.indurama.com/sites/default/files/1.CI-400-TM.png,infomail,https://latam.indurama.com/es/productos/ci-400-tm
indurama.com,https://latam.indurama.com/_externo/infomail/pdf/infomail_2308.pdf,,CI-300-TM,Congeladores Tapa sólida,es,latam.indurama.com,https://latam.indurama.com/sites/default/files/1.CI-300-TM.png,infomail,https://latam.indurama.com/es/productos/ci-300-tm
indurama.com,https://latam.indurama.com/_externo/infomail/pdf/infomail_39.pdf,,RI-585,Refrigeradora Manija Frontal,es,latam.indurama.com,https://latam.indurama.com/sites/default/files/1.RI-585.png,infomail,https://latam.indurama.com/es/productos/ri-585
indurama.com,https://latam.indurama.com/_externo/infomail/pdf/infomail_40.pdf,,RI-580,Refrigeradora Manija Frontal,es,latam.indurama.com,https://latam.indurama.com/sites/default/files/1.RI-580-MF.png,infomail,https://latam.indurama.com/es/productos/ri-580
indurama.com,https://latam.indurama.com/_externo/infomail/pdf/infomail_2015.pdf,,RI-395 QZ C/DN CR,Refrigeradora,es,latam.indurama.com,https://latam.indurama.com/sites/default/files/1.RI-395-CDN_0.png,infomail,https://latam.indurama.com/es/productos/ri-395-qz-cdn-cr
indurama.com,https://latam.indurama.com/_externo/infomail/pdf/infomail_41.pdf,,RI-485,Refrigeradora Manija Frontal,es,latam.indurama.com,https://latam.indurama.com/sites/default/files/1.RI-485.png,infomail,https://latam.indurama.com/es/productos/ri-485
indurama.com,https://latam.indurama.com/_externo/infomail/pdf/infomail_1991.pdf,,RI-530CR,Refrigeradora,es,latam.indurama.com,https://latam.indurama.com/sites/default/files/1.RI-530.png,infomail,https://latam.indurama.com/es/productos/ri530cr
indurama.com,https://latam.indurama.com/_externo/infomail/pdf/infomail_2306.pdf,,65TIKGFQLED,Televisor,es,latam.indurama.com,https://latam.indurama.com/sites/default/files/1.TV-Indurama-65TIKGFQLED.png,infomail,https://latam.indurama.com/es/productos/65tikgfqled
indurama.com,https://latam.indurama.com/_externo/infomail/pdf/infomail_1082.pdf,, Milán,Cocina a Gas,es,latam.indurama.com,https://latam.indurama.com/sites/default/files/1._0.png,infomail,https://latam.indurama.com/es/productos/milan
indurama.com,https://latam.indurama.com/_externo/infomail/pdf/infomail_2017.pdf,,RI-425 QZ C/DN CR,Refrigeradora,es,latam.indurama.com,https://latam.indurama.com/sites/default/files/1.RI-425-CDN.png,infomail,https://latam.indurama.com/es/productos/ri-425-qz-cdn-cr
indurama.com,https://latam.indurama.com/_externo/infomail/pdf/infomail_2027.pdf,,RI-375CR,Refrigeradora,es,latam.indurama.com,https://latam.indurama.com/sites/default/files/1.RI-375-CROMA.png,infomail,https://latam.indurama.com/es/productos/ri-375cr
indurama.com,https://latam.indurama.com/_externo/infomail/pdf/infomail_2031.pdf,,RI-405CR,Refrigeradora,es,latam.indurama.com,https://latam.indurama.com/sites/default/files/1.RI-405.png,infomail,https://latam.indurama.com/es/productos/ri-405cr
indurama.com,https://latam.indurama.com/_externo/infomail/pdf/infomail_33.pdf,,Florencia,Cocinas a Gas,es,latam.indurama.com,https://latam.indurama.com/sites/default/files/1.FLORENCIA_0.png,infomail,https://latam.indurama.com/es/productos/florencia
indurama.com,https://latam.indurama.com/_externo/infomail/pdf/infomail_2295.pdf,,Ibiza,Cocina a Gas,es,latam.indurama.com,https://latam.indurama.com/sites/default/files/1.IBIZA_.png,infomail,https://latam.indurama.com/es/productos/ibiza
indurama.com,https://latam.indurama.com/_externo/infomail/pdf/infomail_36.pdf,,Parma,Cocinas ,es,latam.indurama.com,https://latam.indurama.com/sites/default/files/1.PARMA__0.png,infomail,https://latam.indurama.com/es/productos/parma
indurama.com,https://latam.indurama.com/_externo/infomail/pdf/infomail_1100.pdf,,TURÍN,Cocina a Gas,es,latam.indurama.com,https://latam.indurama.com/sites/default/files/1.TURIN_.png,infomail,https://latam.indurama.com/es/productos/turin
indurama.com,https://latam.indurama.com/_externo/infomail/pdf/infomail_38.pdf,,Galicia,Cocinas a Gas,es,latam.indurama.com,https://latam.indurama.com/sites/default/files/1.GALICIA.png,infomail,https://latam.indurama.com/es/productos/galicia
indurama.com,https://latam.indurama.com/_externo/infomail/pdf/infomail_20.pdf,,MÓNACO,Cocinas a Gas,es,latam.indurama.com,https://latam.indurama.com/sites/default/files/1.MONACO_0.png,infomail,https://latam.indurama.com/es/productos/monaco
indurama.com,https://latam.indurama.com/_externo/infomail/pdf/infomail_37.pdf,,Roma,Cocinas a Gas,es,latam.indurama.com,https://latam.indurama.com/sites/default/files/1.ROMA__0.png,infomail,https://latam.indurama.com/es/productos/roma
indurama.com,https://latam.indurama.com/_externo/infomail/pdf/infomail_32.pdf,,Montecarlo,Cocinas a Gas,es,latam.indurama.com,https://latam.indurama.com/sites/default/files/1.MONTECARLO.png,infomail,https://latam.indurama.com/es/productos/montecarlo
indurama.com,https://latam.indurama.com/sites/default/files/MANUAL%20CAMPANAS%20CEI-60CRP%20CEI-90BLP%20CEI-90CRP_3.pdf,,CEI-602CRP,Campana Extractora,es,latam.indurama.com,https://latam.indurama.com/sites/default/files/CEI602CRP-1.png,manual,https://latam.indurama.com/pe/productos/cei-602crp
indurama.com,https://latam.indurama.com/_externo/infomail/pdf/infomail_133.pdf,,CEI-602CRP,Campana Extractora,es,latam.indurama.com,https://latam.indurama.com/sites/default/files/CEI602CRP-1.png,infomail,https://latam.indurama.com/pe/productos/cei-602crp
indurama.com,https://latam.indurama.com/_externo/infomail/pdf/infomail_2261.pdf,,VFV-510,Vitrinas,es,latam.indurama.com,https://latam.indurama.com/sites/default/files/VFV-510-02.png,infomail,https://latam.indurama.com/pe/productos/vfv-510
indurama.com,https://latam.indurama.com/sites/default/files/NA3204%20Manual%20VITRINA%20VFV_6.pdf,,VFV-520,Refrigeración Comercial,es,latam.indurama.com,https://latam.indurama.com/sites/default/files/refri-sinfondo3.png,manual,https://latam.indurama.com/pe/productos/vfv-520
indurama.com,https://latam.indurama.com/_externo/infomail/pdf/infomail_125.pdf,,VFV-520,Refrigeración Comercial,es,latam.indurama.com,https://latam.indurama.com/sites/default/files/refri-sinfondo3.png,infomail,https://latam.indurama.com/pe/productos/vfv-520
indurama.com,https://latam.indurama.com/_externo/infomail/pdf/infomail_2157.pdf,,Modena,Cocinas a Gas,es,latam.indurama.com,https://latam.indurama.com/sites/default/files/7_34.png,infomail,https://latam.indurama.com/co/productos/modena
indurama.com,https://latam.indurama.com/sites/default/files/NA3204%20Manual%20VITRINA%20VFV%20ZOCALO_0.pdf,,VFV-520 Zocalo Retiq,Vitrinas,es,latam.indurama.com,https://latam.indurama.com/sites/default/files/VFV-520ZocaloRetiq.png,manual,https://latam.indurama.com/co/productos/vfv-520-zocalo-retiq
indurama.com,https://latam.indurama.com/_externo/infomail/pdf/infomail_245.pdf,,VFV-520 Zocalo Retiq,Vitrinas,es,latam.indurama.com,https://latam.indurama.com/sites/default/files/VFV-520ZocaloRetiq.png,infomail,https://latam.indurama.com/co/productos/vfv-520-zocalo-retiq
indurama.com,https://latam.indurama.com/_externo/infomail/pdf/infomail_2158.pdf,,Milán,Cocinas a Gas,es,latam.indurama.com,https://latam.indurama.com/sites/default/files/6_35.png,infomail,https://latam.indurama.com/co/productos/mil%C3%A1n-0
indurama.com,https://latam.indurama.com/sites/default/files/MANUAL%20CONGELADOR%20HORIZONTAL_7.pdf,,CI-400,Congeladores Tapa sólida,es,latam.indurama.com,https://latam.indurama.com/sites/default/files/ci-400-2.png,manual,https://latam.indurama.com/co/productos/ci-400
indurama.com,https://latam.indurama.com/_externo/infomail/pdf/infomail_241.pdf,,CI-400,Congeladores Tapa sólida,es,latam.indurama.com,https://latam.indurama.com/sites/default/files/ci-400-2.png,infomail,https://latam.indurama.com/co/productos/ci-400
indurama.com,https://latam.indurama.com/sites/default/files/MANUAL%20ZAFIRO%20ES%2009-11_11.pdf,,Florencia,Estufa a Gas,es,latam.indurama.com,https://latam.indurama.com/sites/default/files/1%20%282%29_3.png,manual,https://latam.indurama.com/do/productos/florencia-0
indurama.com,https://latam.indurama.com/_externo/infomail/pdf/infomail_2263.pdf,,Florencia,Estufa a Gas,es,latam.indurama.com,https://latam.indurama.com/sites/default/files/1%20%282%29_3.png,infomail,https://latam.indurama.com/do/productos/florencia-0
indurama.com,https://latam.indurama.com/_externo/infomail/pdf/infomail_2092.pdf,,Napoli,Estufa a Gas,es,latam.indurama.com,https://latam.indurama.com/sites/default/files/FRONTAL-TAPA-ABIERTA_1.png,infomail,https://latam.indurama.com/do/productos/napoli
indurama.com,https://latam.indurama.com/sites/default/files/Manual%20de%20usuario_MWI30BL_MWI30CR.pdf,,MWI-30CR,Microondas,es,latam.indurama.com,https://latam.indurama.com/sites/default/files/mwi-30cr.png,manual,https://latam.indurama.com/do/productos/mwi-30cr
indurama.com,https://latam.indurama.com/_externo/infomail/pdf/infomail_871.pdf,,MWI-30CR,Microondas,es,latam.indurama.com,https://latam.indurama.com/sites/default/files/mwi-30cr.png,infomail,https://latam.indurama.com/do/productos/mwi-30cr
indurama.com,https://latam.indurama.com/sites/default/files/Manual%20de%20Usuario_MWI20BL_MWI20CR.PDF,,MWI-20CR,Microondas,es,latam.indurama.com,https://latam.indurama.com/sites/default/files/mwi-20cr.png,manual,https://latam.indurama.com/do/productos/mwi-20cr
indurama.com,https://latam.indurama.com/_externo/infomail/pdf/infomail_935.pdf,,MWI-20CR,Microondas,es,latam.indurama.com,https://latam.indurama.com/sites/default/files/mwi-20cr.png,infomail,https://latam.indurama.com/do/productos/mwi-20cr
indurama.com,https://latam.indurama.com/_externo/infomail/pdf/infomail_496.pdf,,CEI-60 CRP,Campana Extractora,es,latam.indurama.com,https://latam.indurama.com/sites/default/files/CEI-60CRP1_0.png,infomail,https://latam.indurama.com/do/productos/cei-60-crp
indurama.com,https://latam.indurama.com/sites/default/files/MANUAL%20CONGELADOR%20HORIZONTAL_19.pdf,,CI-200,Congeladores Tapa sólida,es,latam.indurama.com,https://latam.indurama.com/sites/default/files/CI-200_1.png,manual,https://latam.indurama.com/do/productos/ci-200-0
indurama.com,https://latam.indurama.com/_externo/infomail/pdf/infomail_1053.pdf,,CI-200,Congeladores Tapa sólida,es,latam.indurama.com,https://latam.indurama.com/sites/default/files/CI-200_1.png,infomail,https://latam.indurama.com/do/productos/ci-200-0
indurama.com,https://latam.indurama.com/sites/default/files/MANUAL%20CAMPANAS%20CEI-60CRP%20CEI-90BLP%20CEI-90CRP_6.pdf,,CEI-90 CRP,Campana Extractora,es,latam.indurama.com,https://latam.indurama.com/sites/default/files/CEI90CRP_0.png,manual,https://latam.indurama.com/do/productos/cei-90-crp
indurama.com,https://latam.indurama.com/_externo/infomail/pdf/infomail_497.pdf,,CEI-90 CRP,Campana Extractora,es,latam.indurama.com,https://latam.indurama.com/sites/default/files/CEI90CRP_0.png,infomail,https://latam.indurama.com/do/productos/cei-90-crp
indurama.com,https://latam.indurama.com/_externo/infomail/pdf/infomail_954.pdf,,CVI-520,Congeladores,es,latam.indurama.com,https://latam.indurama.com/sites/default/files/CVI520.png,infomail,https://latam.indurama.com/gt/productos/cvi-520
indurama.com,https://latam.indurama.com/sites/default/files/USER%20MANUAL%20CEI-75CRP.pdf,,CEI-75CRP,Campana Extractora,es,latam.indurama.com,https://latam.indurama.com/sites/default/files/1_0.png,manual,https://latam.indurama.com/do/productos/cei-75crp
indurama.com,https://latam.indurama.com/_externo/infomail/pdf/infomail_939.pdf,,CEI-75CRP,Campana Extractora,es,latam.indurama.com,https://latam.indurama.com/sites/default/files/1_0.png,infomail,https://latam.indurama.com/do/productos/cei-75crp
indurama.com,https://latam.indurama.com/_externo/infomail/pdf/infomail_2240.pdf,,Granada,Estufa a Gas,es,latam.indurama.com,https://latam.indurama.com/sites/default/files/1_Granada.png,infomail,https://latam.indurama.com/pa/productos/granada
indurama.com,https://latam.indurama.com/_externo/infomail/pdf/infomail_2108.pdf,,Sorrento,Estufa a Gas,es,latam.indurama.com,https://latam.indurama.com/sites/default/files/1_1.png,infomail,https://latam.indurama.com/pa/productos/sorrento-0
indurama.com,https://latam.indurama.com/_externo/infomail/pdf/infomail_2208.pdf,,Napoli,Estufa a Gas,es,latam.indurama.com,https://latam.indurama.com/sites/default/files/FRONTAL-TAPA-ABIERTA_1.png,infomail,https://latam.indurama.com/pa/productos/napoli
indurama.com,https://latam.indurama.com/_externo/infomail/pdf/infomail_2104.pdf,,Parma,Estufa a Gas,es,latam.indurama.com,https://latam.indurama.com/sites/default/files/FRONTALA-TAPA-ABIERTApng.png,infomail,https://latam.indurama.com/pa/productos/parma-0
indurama.com,https://latam.indurama.com/_externo/infomail/pdf/infomail_2109.pdf,,Turín,Estufa a Gas,es,latam.indurama.com,https://latam.indurama.com/sites/default/files/10_0.png,infomail,https://latam.indurama.com/pa/productos/tur%C3%ADn-0
indurama.com,https://latam.indurama.com/_externo/infomail/pdf/infomail_2106.pdf,,Galicia,Estufa a Gas,es,latam.indurama.com,https://latam.indurama.com/sites/default/files/FRONTAL-HORNO-CERRADO.png,infomail,https://latam.indurama.com/pa/productos/galicia-0
indurama.com,https://latam.indurama.com/_externo/infomail/pdf/infomail_2209.pdf,,Mónaco,Estufa a Gas,es,latam.indurama.com,https://latam.indurama.com/sites/default/files/FRONTAL-TAPA-ABIERTA.png,infomail,https://latam.indurama.com/pa/productos/m%C3%B3naco-0
indurama.com,https://latam.indurama.com/_externo/infomail/pdf/infomail_2107.pdf,,Roma,Estufa a Gas,es,latam.indurama.com,https://latam.indurama.com/sites/default/files/FRONTAL-TAPA-ABIERTA_0.png,infomail,https://latam.indurama.com/pa/productos/roma-0
indurama.com,https://latam.indurama.com/_externo/infomail/pdf/infomail_2105.pdf,,Montecarlo,Estufa a Gas,es,latam.indurama.com,https://latam.indurama.com/sites/default/files/E.png,infomail,https://latam.indurama.com/pa/productos/montecarlo-0
indurama.com,https://latam.indurama.com/_externo/infomail/pdf/infomail_2215.pdf,,RI-380LCR,Refrigeración,es,latam.indurama.com,https://latam.indurama.com/sites/default/files/RI-380-CR-FRONTAL.png,infomail,https://latam.indurama.com/gt/productos/ri-380lcr
indurama.com,https://latam.indurama.com/_externo/infomail/pdf/infomail_2216.pdf,,RI-385CR-CD,Nevera,es,latam.indurama.com,https://latam.indurama.com/sites/default/files/RI-385-CR-FRONTAL-png.png,infomail,https://latam.indurama.com/gt/productos/ri-385cr-cd
indurama.com,https://latam.indurama.com/_externo/infomail/pdf/infomail_2217.pdf,,RI-405CR,Refrigeración,es,latam.indurama.com,https://latam.indurama.com/sites/default/files/RI-405CR-FRONTAL.png,infomail,https://latam.indurama.com/gt/productos/ri-405cr
indurama.com,https://latam.indurama.com/sites/default/files/Manual%20Refrigeradoras%20Generico_125.pdf,,RI-485 CR,Neveras Inverter,es,latam.indurama.com,https://latam.indurama.com/sites/default/files/CR%20RI-485_2.png,manual,https://latam.indurama.com/gt/productos/ri-485-cr
indurama.com,https://latam.indurama.com/_externo/infomail/pdf/infomail_2220.pdf,,RI-485 CR,Neveras Inverter,es,latam.indurama.com,https://latam.indurama.com/sites/default/files/CR%20RI-485_2.png,infomail,https://latam.indurama.com/gt/productos/ri-485-cr
indurama.com,https://latam.indurama.com/sites/default/files/Manual%20Refrigeradoras%20Generico_8.pdf,,RI-480 CR,Refrigeradora Manija Lateral,es,latam.indurama.com,https://latam.indurama.com/sites/default/files/RI-480L-CR2.png,manual,https://latam.indurama.com/gt/productos/ri-480-cr-0
indurama.com,https://latam.indurama.com/_externo/infomail/pdf/infomail_2219.pdf,,RI-480 CR,Refrigeradora Manija Lateral,es,latam.indurama.com,https://latam.indurama.com/sites/default/files/RI-480L-CR2.png,infomail,https://latam.indurama.com/gt/productos/ri-480-cr-0
indurama.com,https://latam.indurama.com/_externo/infomail/pdf/infomail_2218.pdf,,RI-475,Nevera Manija Frontal,es,latam.indurama.com,https://latam.indurama.com/sites/default/files/ri-475_1.png,infomail,https://latam.indurama.com/gt/productos/ri-475
indurama.com,https://latam.indurama.com/sites/default/files/Manual%20Refrigeradoras%20Generico_0.pdf,,RI-575 CR,Nevera Manija Frontal,es,latam.indurama.com,https://latam.indurama.com/sites/default/files/RI-575CR.png,manual,https://latam.indurama.com/gt/productos/ri-575-cr
indurama.com,https://latam.indurama.com/_externo/infomail/pdf/infomail_2221.pdf,,RI-575 CR,Nevera Manija Frontal,es,latam.indurama.com,https://latam.indurama.com/sites/default/files/RI-575CR.png,infomail,https://latam.indurama.com/gt/productos/ri-575-cr
indurama.com,https://latam.indurama.com/sites/default/files/Manual%20Refrigeradoras%20Generico_127.pdf,,RI-580 CR,NEVERA INVERTER,es,latam.indurama.com,https://latam.indurama.com/sites/default/files/RI-580F_1.png,manual,https://latam.indurama.com/gt/productos/ri-580-cr-0
indurama.com,https://latam.indurama.com/_externo/infomail/pdf/infomail_2223.pdf,,RI-580 CR,NEVERA INVERTER,es,latam.indurama.com,https://latam.indurama.com/sites/default/files/RI-580F_1.png,infomail,https://latam.indurama.com/gt/productos/ri-580-cr-0
indurama.com,https://latam.indurama.com/sites/default/files/Manual%20Refrigeradoras%20Generico_131.pdf,,RI-585 CR,Nevera Inverter,es,latam.indurama.com,https://latam.indurama.com/sites/default/files/CR%20RI-585_2.png,manual,https://latam.indurama.com/gt/productos/ri-585-cr-0
indurama.com,https://latam.indurama.com/_externo/infomail/pdf/infomail_2224.pdf,,RI-585 CR,Nevera Inverter,es,latam.indurama.com,https://latam.indurama.com/sites/default/files/CR%20RI-585_2.png,infomail,https://latam.indurama.com/gt/productos/ri-585-cr-0
indurama.com,https://latam.indurama.com/sites/default/files/Manual%20VFV_0.pdf,,VFV-520,Vitrinas,es,latam.indurama.com,https://latam.indurama.com/sites/default/files/VFV-520R-FRONTAL_ec_0.png,manual,https://latam.indurama.com/gt/productos/vfv-520
indurama.com,https://latam.indurama.com/_externo/infomail/pdf/infomail_955.pdf,,VFV-520,Vitrinas,es,latam.indurama.com,https://latam.indurama.com/sites/default/files/VFV-520R-FRONTAL_ec_0.png,infomail,https://latam.indurama.com/gt/productos/vfv-520
indurama.com,https://latam.indurama.com/_externo/infomail/pdf/infomail_1917.pdf,,Canela,Estufa a Gas,es,latam.indurama.com,https://latam.indurama.com/sites/default/files/Canela_0003_4.png,infomail,https://latam.indurama.com/gt/productos/canela
indurama.com,https://latam.indurama.com/_externo/infomail/pdf/infomail_1912.pdf,,Cádiz,Estufa a Gas,es,latam.indurama.com,https://latam.indurama.com/sites/default/files/Cadiz_0001_2.png,infomail,https://latam.indurama.com/gt/productos/cadiz-0
indurama.com,https://latam.indurama.com/_externo/infomail/pdf/infomail_1937.pdf,,Viena,Estufa a Gas,es,latam.indurama.com,https://latam.indurama.com/sites/default/files/Viena_0006_7.png,infomail,https://latam.indurama.com/gt/productos/viena
indurama.com,https://latam.indurama.com/_externo/infomail/pdf/infomail_1916.pdf,,Marsella,Estufa a Gas,es,latam.indurama.com,https://latam.indurama.com/sites/default/files/Marsella_0004_5.png,infomail,https://latam.indurama.com/gt/productos/marsella-0
indurama.com,https://latam.indurama.com/_externo/infomail/pdf/infomail_2097.pdf,,Parma,Estufa a Gas,es,latam.indurama.com,https://latam.indurama.com/sites/default/files/FRONTALA-TAPA-ABIERTApng.png,infomail,https://latam.indurama.com/gt/productos/parma-0
indurama.com,https://latam.indurama.com/_externo/infomail/pdf/infomail_2098.pdf,,Sorrento,Estufa a Gas,es,latam.indurama.com,https://latam.indurama.com/sites/default/files/1_1.png,infomail,https://latam.indurama.com/gt/productos/sorrento-0
indurama.com,https://latam.indurama.com/_externo/infomail/pdf/infomail_2099.pdf,,Turín,Estufa a Gas,es,latam.indurama.com,https://latam.indurama.com/sites/default/files/10_0.png,infomail,https://latam.indurama.com/gt/productos/tur%C3%ADn-0
indurama.com,https://latam.indurama.com/_externo/infomail/pdf/infomail_2096.pdf,,Galicia,Estufa a Gas,es,latam.indurama.com,https://latam.indurama.com/sites/default/files/FRONTAL-HORNO-CERRADO.png,infomail,https://latam.indurama.com/gt/productos/galicia-0
indurama.com,https://latam.indurama.com/sites/default/files/MANUAL%20CONGELADOR%20HORIZONTAL_1.pdf,,CI-400,Congeladores Tapa sólida,es,latam.indurama.com,https://latam.indurama.com/sites/default/files/ci-400-2_0.png,manual,https://latam.indurama.com/do/productos/ci-400
indurama.com,https://latam.indurama.com/_externo/infomail/pdf/infomail_1054.pdf,,CI-400,Congeladores Tapa sólida,es,latam.indurama.com,https://latam.indurama.com/sites/default/files/ci-400-2_0.png,infomail,https://latam.indurama.com/do/productos/ci-400
indurama.com,https://latam.indurama.com/_externo/infomail/pdf/infomail_2089.pdf,,Roma,Estufa a Gas,es,latam.indurama.com,https://latam.indurama.com/sites/default/files/FRONTAL-TAPA-ABIERTA_0.png,infomail,https://latam.indurama.com/gt/productos/roma-0
indurama.com,https://latam.indurama.com/_externo/infomail/pdf/infomail_1880.pdf,,MWI-30NE,Microondas,es,latam.indurama.com,https://latam.indurama.com/sites/default/files/MWI-30BL_1_0.png,infomail,https://latam.indurama.com/do/productos/mwi-30ne
indurama.com,https://latam.indurama.com/sites/default/files/Manual%20de%20usuario%20olla-arrocera.pdf,,OMI-CR,Olla Multifunción ,es,latam.indurama.com,https://latam.indurama.com/sites/default/files/omi-cr.png,manual,https://latam.indurama.com/do/productos/omi-cr
indurama.com,https://latam.indurama.com/_externo/infomail/pdf/infomail_934.pdf,,OMI-CR,Olla Multifunción ,es,latam.indurama.com,https://latam.indurama.com/sites/default/files/omi-cr.png,infomail,https://latam.indurama.com/do/productos/omi-cr
indurama.com,https://latam.indurama.com/sites/default/files/Manual%20DAI-3GCR.pdf,,DAI-3GCR,Dispensador de Agua,es,latam.indurama.com,https://latam.indurama.com/sites/default/files/NUEVO-DISPENSADOR.png,manual,https://latam.indurama.com/do/productos/dai-3gcr
indurama.com,https://latam.indurama.com/_externo/infomail/pdf/infomail_1987.pdf,,OAI-BC18,Olla Arrocera,es,latam.indurama.com,https://latam.indurama.com/sites/default/files/OllaArrocera_2.png,infomail,https://latam.indurama.com/do/productos/oai-bc18
indurama.com,https://latam.indurama.com/_externo/infomail/pdf/infomail_869.pdf,,DAI-3GCR,Dispensador de Agua,es,latam.indurama.com,https://latam.indurama.com/sites/default/files/NUEVO-DISPENSADOR.png,infomail,https://latam.indurama.com/do/productos/dai-3gcr
indurama.com,https://latam.indurama.com/_externo/infomail/pdf/infomail_1988.pdf,,LIC-PPC,Licuadora,es,latam.indurama.com,https://latam.indurama.com/sites/default/files/LIC-PPC_3.png,infomail,https://latam.indurama.com/do/productos/lic-ppc
indurama.com,https://latam.indurama.com/_externo/infomail/pdf/infomail_2200.pdf,,CAF-BCI,Cafetera,es,latam.indurama.com,https://latam.indurama.com/sites/default/files/caf-bci.png,infomail,https://latam.indurama.com/do/productos/caf-bci
indurama.com,https://latam.indurama.com/_externo/infomail/pdf/infomail_1829.pdf,,RI-475,Nevera Manija Frontal,es,latam.indurama.com,https://latam.indurama.com/sites/default/files/ri-475_1.png,infomail,https://latam.indurama.com/do/productos/ri-475
indurama.com,https://latam.indurama.com/sites/default/files/MANUAL%20CAMPANAS%20CEI-60CRP%20CEI-90BLP%20CEI-90CRP.pdf,,CEI-60 CR,Campana Extractora,es,latam.indurama.com,https://latam.indurama.com/sites/default/files/cei-60cr-1.png,manual,https://latam.indurama.com/co/productos/cei-60-cr
indurama.com,https://latam.indurama.com/_externo/infomail/pdf/infomail_179.pdf,,CEI-60 CR,Campana Extractora,es,latam.indurama.com,https://latam.indurama.com/sites/default/files/cei-60cr-1.png,infomail,https://latam.indurama.com/co/productos/cei-60-cr
indurama.com,https://latam.indurama.com/sites/default/files/MANUAL%20CAMPANAS%20CEI-60CRP%20CEI-90BLP%20CEI-90CRP_0.pdf,,CEI-90 CR,Campana Extractora,es,latam.indurama.com,https://latam.indurama.com/sites/default/files/cei-90cr-2.png,manual,https://latam.indurama.com/co/productos/cei-90-cr
indurama.com,https://latam.indurama.com/_externo/infomail/pdf/infomail_191.pdf,,CEI-90 CR,Campana Extractora,es,latam.indurama.com,https://latam.indurama.com/sites/default/files/cei-90cr-2.png,infomail,https://latam.indurama.com/co/productos/cei-90-cr
indurama.com,https://latam.indurama.com/sites/default/files/Manual%20Refrigeradoras%20Generico_124.pdf,,RI-480 CR,Nevera Inverter,es,latam.indurama.com,https://latam.indurama.com/sites/default/files/Inverter%20CR%20RI-480.png,manual,https://latam.indurama.com/do/productos/ri-480-cr
indurama.com,https://latam.indurama.com/_externo/infomail/pdf/infomail_483.pdf,,RI-480 CR,Nevera Inverter,es,latam.indurama.com,https://latam.indurama.com/sites/default/files/Inverter%20CR%20RI-480.png,infomail,https://latam.indurama.com/do/productos/ri-480-cr
indurama.com,https://latam.indurama.com/sites/default/files/Manual%20Refrigeradoras%20Generico_127.pdf,,RI-580 CR,NEVERA INVERTER,es,latam.indurama.com,https://latam.indurama.com/sites/default/files/RI-580F_1.png,manual,https://latam.indurama.com/do/productos/ri-580-cr
indurama.com,https://latam.indurama.com/_externo/infomail/pdf/infomail_474.pdf,,RI-580 CR,NEVERA INVERTER,es,latam.indurama.com,https://latam.indurama.com/sites/default/files/RI-580F_1.png,infomail,https://latam.indurama.com/do/productos/ri-580-cr
indurama.com,https://latam.indurama.com/sites/default/files/Manual%20Refrigeradoras%20Generico_125.pdf,,RI-485 CR,Neveras Inverter,es,latam.indurama.com,https://latam.indurama.com/sites/default/files/CR%20RI-485.png,manual,https://latam.indurama.com/do/productos/ri-485-cr
indurama.com,https://latam.indurama.com/sites/default/files/Manual%20Refrigeradoras%20Generico_0.pdf,,RI-575 CR,Nevera Manija Frontal,es,latam.indurama.com,https://latam.indurama.com/sites/default/files/RI-575CR.png,manual,https://latam.indurama.com/do/productos/ri-575-cr
indurama.com,https://latam.indurama.com/_externo/infomail/pdf/infomail_485.pdf,,RI-485 CR,Neveras Inverter,es,latam.indurama.com,https://latam.indurama.com/sites/default/files/CR%20RI-485.png,infomail,https://latam.indurama.com/do/productos/ri-485-cr
indurama.com,https://latam.indurama.com/_externo/infomail/pdf/infomail_1056.pdf,,RI-575 CR,Nevera Manija Frontal,es,latam.indurama.com,https://latam.indurama.com/sites/default/files/RI-575CR.png,infomail,https://latam.indurama.com/do/productos/ri-575-cr
indurama.com,https://latam.indurama.com/sites/default/files/Manual%20Refrigeradoras%20Generico_131.pdf,,RI-585 CR,Nevera Inverter,es,latam.indurama.com,https://latam.indurama.com/sites/default/files/CR%20RI-585.png,manual,https://latam.indurama.com/do/productos/ri-585-cr-0
indurama.com,https://latam.indurama.com/_externo/infomail/pdf/infomail_484.pdf,,RI-585 CR,Nevera Inverter,es,latam.indurama.com,https://latam.indurama.com/sites/default/files/CR%20RI-585.png,infomail,https://latam.indurama.com/do/productos/ri-585-cr-0
indurama.com,https://latam.indurama.com/_externo/infomail/pdf/infomail_2046.pdf,,RI-380LCR,Nevera,es,latam.indurama.com,https://latam.indurama.com/sites/default/files/RI-380-CR-FRONTAL.png,infomail,https://latam.indurama.com/do/productos/ri-380lcr
indurama.com,https://latam.indurama.com/_externo/infomail/pdf/infomail_2048.pdf,,RI-405CR,Nevera,es,latam.indurama.com,https://latam.indurama.com/sites/default/files/RI-405CR-FRONTAL.png,infomail,https://latam.indurama.com/do/productos/ri-405cr
indurama.com,https://latam.indurama.com/_externo/infomail/pdf/infomail_2047.pdf,,RI-385CR-CD,Nevera,es,latam.indurama.com,https://latam.indurama.com/sites/default/files/RI-385-CR-FRONTAL-png.png,infomail,https://latam.indurama.com/do/productos/ri-385cr-cd
indurama.com,https://latam.indurama.com/_externo/infomail/pdf/infomail_2094.pdf,,Sorrento,Estufa a Gas,es,latam.indurama.com,https://latam.indurama.com/sites/default/files/1_1.png,infomail,https://latam.indurama.com/do/productos/sorrento-0
indurama.com,https://latam.indurama.com/_externo/infomail/pdf/infomail_2091.pdf,,Parma,Estufa a Gas,es,latam.indurama.com,https://latam.indurama.com/sites/default/files/FRONTALA-TAPA-ABIERTApng.png,infomail,https://latam.indurama.com/do/productos/parma-0
indurama.com,https://latam.indurama.com/_externo/infomail/pdf/infomail_2095.pdf,,Turín,Estufa a Gas,es,latam.indurama.com,https://latam.indurama.com/sites/default/files/10_0.png,infomail,https://latam.indurama.com/do/productos/tur%C3%ADn-0
indurama.com,https://latam.indurama.com/_externo/infomail/pdf/infomail_2087.pdf,,Galicia,Estufa a Gas,es,latam.indurama.com,https://latam.indurama.com/sites/default/files/FRONTAL-HORNO-CERRADO.png,infomail,https://latam.indurama.com/do/productos/galicia-0
indurama.com,https://latam.indurama.com/_externo/infomail/pdf/infomail_2088.pdf,,Roma,Estufa a Gas,es,latam.indurama.com,https://latam.indurama.com/sites/default/files/FRONTAL-TAPA-ABIERTA_0.png,infomail,https://latam.indurama.com/do/productos/roma-0
indurama.com,https://latam.indurama.com/_externo/infomail/pdf/infomail_2086.pdf,,Mónaco,Estufa a Gas,es,latam.indurama.com,https://latam.indurama.com/sites/default/files/FRONTAL-TAPA-ABIERTA.png,infomail,https://latam.indurama.com/do/productos/m%C3%B3naco-0
indurama.com,https://latam.indurama.com/sites/default/files/MANUAL%20CONGELADOR%20HORIZONTAL_4.pdf,,CI-300,Congeladores Tapa sólida,es,latam.indurama.com,https://latam.indurama.com/sites/default/files/ci-300-2.png,manual,https://latam.indurama.com/co/productos/ci-300
indurama.com,https://latam.indurama.com/_externo/infomail/pdf/infomail_242.pdf,,CI-300,Congeladores Tapa sólida,es,latam.indurama.com,https://latam.indurama.com/sites/default/files/ci-300-2.png,infomail,https://latam.indurama.com/co/productos/ci-300
indurama.com,https://latam.indurama.com/sites/default/files/NA3204%20Manual%20VITRINA%20VFV%20ZOCALO.pdf,,VFV-400 Zocalo Retiq,Vitrinas,es,latam.indurama.com,https://latam.indurama.com/sites/default/files/VFV-400-Zocalo-Retiq.png,manual,https://latam.indurama.com/co/productos/vfv-400-zocalo-retiq
indurama.com,https://latam.indurama.com/_externo/infomail/pdf/infomail_246.pdf,,VFV-400 Zocalo Retiq,Vitrinas,es,latam.indurama.com,https://latam.indurama.com/sites/default/files/VFV-400-Zocalo-Retiq.png,infomail,https://latam.indurama.com/co/productos/vfv-400-zocalo-retiq
indurama.com,https://latam.indurama.com/_externo/infomail/pdf/infomail_2085.pdf,,Montecarlo,Estufa a Gas,es,latam.indurama.com,https://latam.indurama.com/sites/default/files/F_0.png,infomail,https://latam.indurama.com/do/productos/montecarlo-0
indurama.com,https://latam.indurama.com/_externo/infomail/pdf/infomail_2159.pdf,,Granada ,Cocinas a Gas,es,latam.indurama.com,https://latam.indurama.com/sites/default/files/6_37.png,infomail,https://latam.indurama.com/co/productos/granada-0
indurama.com,https://latam.indurama.com/_externo/infomail/pdf/infomail_2123.pdf,,Napoli,Cocinas a Gas,es,latam.indurama.com,https://latam.indurama.com/sites/default/files/5_9.png,infomail,https://latam.indurama.com/co/productos/napoli
indurama.com,https://latam.indurama.com/_externo/infomail/pdf/infomail_2160.pdf,,Florencia,Cocinas a Gas,es,latam.indurama.com,https://latam.indurama.com/sites/default/files/6_38.png,infomail,https://latam.indurama.com/co/productos/florencia-0
indurama.com,https://latam.indurama.com/_externo/infomail/pdf/infomail_2124.pdf,,Parma,Cocinas a Gas,es,latam.indurama.com,https://latam.indurama.com/sites/default/files/1_11.png,infomail,https://latam.indurama.com/co/productos/parma-0
indurama.com,https://latam.indurama.com/_externo/infomail/pdf/infomail_2125.pdf,,Galicia,Cocinas a Gas,es,latam.indurama.com,https://latam.indurama.com/sites/default/files/1_12.png,infomail,https://latam.indurama.com/co/productos/galicia-0
indurama.com,https://latam.indurama.com/_externo/infomail/pdf/infomail_2127.pdf,,Montecarlo,Cocinas a Gas,es,latam.indurama.com,https://latam.indurama.com/sites/default/files/1_14.png,infomail,https://latam.indurama.com/co/productos/montecarlo-0
indurama.com,https://latam.indurama.com/_externo/infomail/pdf/infomail_2126.pdf,,Roma,Cocinas a Gas,es,latam.indurama.com,https://latam.indurama.com/sites/default/files/1_13.png,infomail,https://latam.indurama.com/co/productos/roma
indurama.com,https://latam.indurama.com/sites/default/files/Manual%20Refrigeradoras%20Generico_27.pdf,,RI-530CR,Nevera,es,latam.indurama.com,https://latam.indurama.com/sites/default/files/RI-530-CRO-01_0.png,manual,https://latam.indurama.com/co/productos/ri-530cr
indurama.com,https://latam.indurama.com/_externo/infomail/pdf/infomail_236.pdf,,RI-530CR,Nevera,es,latam.indurama.com,https://latam.indurama.com/sites/default/files/RI-530-CRO-01_0.png,infomail,https://latam.indurama.com/co/productos/ri-530cr
indurama.com,https://latam.indurama.com/sites/default/files/MANUAL%20CONGELADOR%20HORIZONTAL_16.pdf,,CI-310 BL,Congeladores Nórdica,es,latam.indurama.com,https://latam.indurama.com/sites/default/files/CI-310BL-1.png,manual,https://latam.indurama.com/pe/productos/ci-310-bl
indurama.com,https://latam.indurama.com/_externo/infomail/pdf/infomail_680.pdf,,CI-310 BL,Congeladores Nórdica,es,latam.indurama.com,https://latam.indurama.com/sites/default/files/CI-310BL-1.png,infomail,https://latam.indurama.com/pe/productos/ci-310-bl
indurama.com,https://latam.indurama.com/sites/default/files/MANUAL%20CONGELADOR%20HORIZONTAL_17.pdf,,CI-310 CR,Congeladores Nórdica,es,latam.indurama.com,https://latam.indurama.com/sites/default/files/CI-310CR-1.png,manual,https://latam.indurama.com/pe/productos/ci-310-cr
indurama.com,https://latam.indurama.com/_externo/infomail/pdf/infomail_698.pdf,,CI-310 CR,Congeladores Nórdica,es,latam.indurama.com,https://latam.indurama.com/sites/default/files/CI-310CR-1.png,infomail,https://latam.indurama.com/pe/productos/ci-310-cr
indurama.com,https://latam.indurama.com/sites/default/files/MANUAL%20CONGELADOR%20HORIZONTAL_14.pdf,,CI-210 CR,Congeladores Nórdica,es,latam.indurama.com,https://latam.indurama.com/sites/default/files/ci-210-sin-ruedas-1_0.png,manual,https://latam.indurama.com/pe/productos/ci-210-cr
indurama.com,https://latam.indurama.com/sites/default/files/MANUAL%20CONGELADOR%20HORIZONTAL_18.pdf,,CI-410CR,Congeladores Nórdica,es,latam.indurama.com,https://latam.indurama.com/sites/default/files/ci-410-2.png,manual,https://latam.indurama.com/pe/productos/ci-410cr
indurama.com,https://latam.indurama.com/_externo/infomail/pdf/infomail_124.pdf,,CI-410CR,Congeladores Nórdica,es,latam.indurama.com,https://latam.indurama.com/sites/default/files/ci-410-2.png,infomail,https://latam.indurama.com/pe/productos/ci-410cr
indurama.com,https://latam.indurama.com/_externo/infomail/pdf/infomail_699.pdf,,CI-210 CR,Congeladores Nórdica,es,latam.indurama.com,https://latam.indurama.com/sites/default/files/ci-210-sin-ruedas-1_0.png,infomail,https://latam.indurama.com/pe/productos/ci-210-cr
indurama.com,https://latam.indurama.com/_externo/infomail/pdf/infomail_2272.pdf,,CI-220BL,Congeladores Tapa sólida,es,latam.indurama.com,https://latam.indurama.com/sites/default/files/1-CI220-ANGULO-CERRADA.png,infomail,https://latam.indurama.com/pe/productos/ci-220bl
indurama.com,https://latam.indurama.com/_externo/infomail/pdf/infomail_2291.pdf,,CI-320BL,Congeladores Tapa sólida,es,latam.indurama.com,https://latam.indurama.com/sites/default/files/1-CI320BL-FRONTAL-CERRDADA.png,infomail,https://latam.indurama.com/pe/productos/ci-320bl
indurama.com,https://latam.indurama.com/_externo/infomail/pdf/infomail_2273.pdf,,CI-420BL,Congeladores Tapa sólida,es,latam.indurama.com,https://latam.indurama.com/sites/default/files/1-CI420BL-ANGULO-IZQ.png,infomail,https://latam.indurama.com/pe/productos/ci-420bl
indurama.com,https://latam.indurama.com/_externo/infomail/pdf/infomail_2292.pdf,,CI-320GR,Congeladores Tapa sólida,es,latam.indurama.com,https://latam.indurama.com/sites/default/files/1-CI320GR-1.png,infomail,https://latam.indurama.com/pe/productos/ci-320gr
indurama.com,https://latam.indurama.com/sites/default/files/MANUAL%20CEI-90NEVC.pdf,,CEI-90NEVC,Campana Extractora,es,latam.indurama.com,https://latam.indurama.com/sites/default/files/CEI-90NEVC-1.png,manual,https://latam.indurama.com/pe/productos/cei-90nevc
indurama.com,https://latam.indurama.com/_externo/infomail/pdf/infomail_776.pdf,,CEI-90NEVC,Campana Extractora,es,latam.indurama.com,https://latam.indurama.com/sites/default/files/CEI-90NEVC-1.png,infomail,https://latam.indurama.com/pe/productos/cei-90nevc
indurama.com,https://latam.indurama.com/sites/default/files/MANUAL%20CAMPANAS%20CEI-60CRP%20CEI-90BLP%20CEI-90CRP_4.pdf,,CEI-902CRP,Campana Extractora,es,latam.indurama.com,https://latam.indurama.com/sites/default/files/CEI902CRP_1.png,manual,https://latam.indurama.com/pe/productos/cei-902crp
indurama.com,https://latam.indurama.com/_externo/infomail/pdf/infomail_131.pdf,,CEI-902CRP,Campana Extractora,es,latam.indurama.com,https://latam.indurama.com/sites/default/files/CEI902CRP_1.png,infomail,https://latam.indurama.com/pe/productos/cei-902crp
indurama.com,https://latam.indurama.com/sites/default/files/MANUAL%20CAMPANAS%20CEI-60CRP%20CEI-90BLP%20CEI-90CRP_3.pdf,,CEI-602NE,Campana Extractora,es,latam.indurama.com,https://latam.indurama.com/sites/default/files/6_29.png,manual,https://latam.indurama.com/pe/productos/cei-602ne
indurama.com,https://latam.indurama.com/_externo/infomail/pdf/infomail_2151.pdf,,CEI-602NE,Campana Extractora,es,latam.indurama.com,https://latam.indurama.com/sites/default/files/6_29.png,infomail,https://latam.indurama.com/pe/productos/cei-602ne
indurama.com,https://latam.indurama.com/_externo/infomail/pdf/infomail_2274.pdf,, CEI-90CRTIS,Campana Extractora,es,latam.indurama.com,https://latam.indurama.com/sites/default/files/1-CEI-90CRTIS-FRONTAL.png,infomail,https://latam.indurama.com/pe/productos/cei-90crtis
indurama.com,https://latam.indurama.com/sites/default/files/MANUAL%20CAMPANAS%20CEI-60CRP%20CEI-90BLP%20CEI-90CRP_4.pdf,,CEI-902NE,Campana Extractora,es,latam.indurama.com,https://latam.indurama.com/sites/default/files/CEI-902NE_8.png,manual,https://latam.indurama.com/pe/productos/cei-902ne
indurama.com,https://latam.indurama.com/_externo/infomail/pdf/infomail_2152.pdf,,CEI-902NE,Campana Extractora,es,latam.indurama.com,https://latam.indurama.com/sites/default/files/CEI-902NE_8.png,infomail,https://latam.indurama.com/pe/productos/cei-902ne
indurama.com,https://latam.indurama.com/_externo/infomail/pdf/infomail_2213.pdf,,RI-380LCR,Refrigeración,es,latam.indurama.com,https://latam.indurama.com/sites/default/files/RI-380-CR-FRONTAL.png,infomail,https://latam.indurama.com/pa/productos/ri-380lcr
indurama.com,https://latam.indurama.com/_externo/infomail/pdf/infomail_1929.pdf,,Marsella,Cocinas a Gas,es,latam.indurama.com,https://latam.indurama.com/sites/default/files/Marsella_0004_5.png,infomail,https://latam.indurama.com/ni/productos/marsella
indurama.com,https://latam.indurama.com/_externo/infomail/pdf/infomail_2214.pdf,,RI-405CR,Refrigeración,es,latam.indurama.com,https://latam.indurama.com/sites/default/files/RI-405CR-FRONTAL.png,infomail,https://latam.indurama.com/pa/productos/ri-405cr
indurama.com,https://latam.indurama.com/_externo/infomail/pdf/infomail_1938.pdf,,Viena,Cocinas a Gas,es,latam.indurama.com,https://latam.indurama.com/sites/default/files/Viena_0006_7.png,infomail,https://latam.indurama.com/ni/productos/viena
indurama.com,https://latam.indurama.com/sites/default/files/MANUAL%20GENERICO%20COCINAS1_6.pdf,,MURCIA 32,Cocinas a Gas,es,latam.indurama.com,https://latam.indurama.com/sites/default/files/Murcia-05.png,manual,https://latam.indurama.com/ni/productos/murcia-32
indurama.com,https://latam.indurama.com/_externo/infomail/pdf/infomail_2002.pdf,,MURCIA 32,Cocinas a Gas,es,latam.indurama.com,https://latam.indurama.com/sites/default/files/Murcia-05.png,infomail,https://latam.indurama.com/ni/productos/murcia-32
indurama.com,https://latam.indurama.com/_externo/infomail/pdf/infomail_2003.pdf,,MÉRIDA,Cocinas a Gas,es,latam.indurama.com,https://latam.indurama.com/sites/default/files/Merida-07.png,infomail,https://latam.indurama.com/ni/productos/clone-merida
indurama.com,https://latam.indurama.com/_externo/infomail/pdf/infomail_2279.pdf,,Napoli,Cocina a Gas,es,latam.indurama.com,https://latam.indurama.com/sites/default/files/FRONTAL-TAPA-ABIERTA_1.png,infomail,https://latam.indurama.com/ni/productos/napoli
indurama.com,https://latam.indurama.com/_externo/infomail/pdf/infomail_2113.pdf,,Parma,Cocina a Gas,es,latam.indurama.com,https://latam.indurama.com/sites/default/files/FRONTALA-TAPA-ABIERTApng.png,infomail,https://latam.indurama.com/ni/productos/parma-0
indurama.com,https://latam.indurama.com/_externo/infomail/pdf/infomail_2241.pdf,,CEI-60CRP,Campana Extractora,es,latam.indurama.com,https://latam.indurama.com/sites/default/files/CEI-60CRP1_0.png,infomail,https://latam.indurama.com/pa/productos/cei-60crp
indurama.com,https://latam.indurama.com/_externo/infomail/pdf/infomail_1931.pdf,,Oporto,Cocina a Gas,es,latam.indurama.com,https://latam.indurama.com/sites/default/files/Oporto_0004_5.png,infomail,https://latam.indurama.com/sv/productos/oporto
indurama.com,https://latam.indurama.com/sites/default/files/Manual%20generico%20Horno_2.pdf,,CEI-90CRP,Campana Extractora,es,latam.indurama.com,https://latam.indurama.com/sites/default/files/CEI-90CRP1.png,manual,https://latam.indurama.com/pa/productos/cei-90crp
indurama.com,https://latam.indurama.com/_externo/infomail/pdf/infomail_2112.pdf,,Galicia,Cocina a Gas,es,latam.indurama.com,https://latam.indurama.com/sites/default/files/FRONTAL-HORNO-CERRADO.png,infomail,https://latam.indurama.com/ni/productos/galicia-0
indurama.com,https://latam.indurama.com/_externo/infomail/pdf/infomail_980.pdf,,CEI-90CRP,Campana Extractora,es,latam.indurama.com,https://latam.indurama.com/sites/default/files/CEI-90CRP1.png,infomail,https://latam.indurama.com/pa/productos/cei-90crp
indurama.com,https://latam.indurama.com/_externo/infomail/pdf/infomail_2242.pdf,,Granada,Estufa a Gas,es,latam.indurama.com,https://latam.indurama.com/sites/default/files/1_Granada.png,infomail,https://latam.indurama.com/sv/productos/granada
indurama.com,https://latam.indurama.com/_externo/infomail/pdf/infomail_2260.pdf,,Sorrento,Cocinas a Gas,es,latam.indurama.com,https://latam.indurama.com/sites/default/files/1_1.png,infomail,https://latam.indurama.com/sv/productos/sorrento-0
indurama.com,https://latam.indurama.com/_externo/infomail/pdf/infomail_2102.pdf,,Napoli,Estufa a Gas,es,latam.indurama.com,https://latam.indurama.com/sites/default/files/FRONTAL-TAPA-ABIERTA_1.png,infomail,https://latam.indurama.com/sv/productos/napoli
indurama.com,https://latam.indurama.com/_externo/infomail/pdf/infomail_944.pdf,,VFV-520,Vitrinas,es,latam.indurama.com,https://latam.indurama.com/sites/default/files/VFV-520ZocaloRetiq_0.png,infomail,https://latam.indurama.com/sv/productos/vfv-520
indurama.com,https://latam.indurama.com/sites/default/files/Indurama-stoves-user-manual_0.pdf,,Atenas,Gas stove,en,latam.indurama.com,https://latam.indurama.com/sites/default/files/Atenas.png,manual,https://latam.indurama.com/en/productos/atenas
indurama.com,https://latam.indurama.com/_externo/infomail/pdf/infomail_579.pdf,,Atenas,Gas stove,en,latam.indurama.com,https://latam.indurama.com/sites/default/files/Atenas.png,infomail,https://latam.indurama.com/en/productos/atenas
indurama.com,https://latam.indurama.com/sites/default/files/Indurama-stoves-user-manual_2.pdf,,Galicia,Gas stove,en,latam.indurama.com,https://latam.indurama.com/sites/default/files/Galicia_pluss.png,manual,https://latam.indurama.com/en/productos/galicia
indurama.com,https://latam.indurama.com/_externo/infomail/pdf/infomail_580.pdf,,Galicia,Gas stove,en,latam.indurama.com,https://latam.indurama.com/sites/default/files/Galicia_pluss.png,infomail,https://latam.indurama.com/en/productos/galicia
indurama.com,https://latam.indurama.com/sites/default/files/Indurama-stoves-user-manual_3.pdf,,Montecarlo,Gas stove,en,latam.indurama.com,https://latam.indurama.com/sites/default/files/Montecarlo_plus.png,manual,https://latam.indurama.com/en/productos/montecarlo
indurama.com,https://latam.indurama.com/_externo/infomail/pdf/infomail_582.pdf,,Montecarlo,Gas stove,en,latam.indurama.com,https://latam.indurama.com/sites/default/files/Montecarlo_plus.png,infomail,https://latam.indurama.com/en/productos/montecarlo
indurama.com,https://latam.indurama.com/sites/default/files/Indurama-stoves-user-manual_1.pdf,,Florencia,Gas stove,en,latam.indurama.com,https://latam.indurama.com/sites/default/files/Florencia_plus.png,manual,https://latam.indurama.com/en/productos/florencia
indurama.com,https://latam.indurama.com/_externo/infomail/pdf/infomail_581.pdf,,Florencia,Gas stove,en,latam.indurama.com,https://latam.indurama.com/sites/default/files/Florencia_plus.png,infomail,https://latam.indurama.com/en/productos/florencia
indurama.com,https://latam.indurama.com/sites/default/files/Indurama-stoves-user-manual.pdf,,Toscana,Gas stove,en,latam.indurama.com,https://latam.indurama.com/sites/default/files/toscana1_0.png,manual,https://latam.indurama.com/en/productos/toscana
indurama.com,https://latam.indurama.com/_externo/infomail/pdf/infomail_839.pdf,,Toscana,Gas stove,en,latam.indurama.com,https://latam.indurama.com/sites/default/files/toscana1_0.png,infomail,https://latam.indurama.com/en/productos/toscana
indurama.com,https://latam.indurama.com/sites/default/files/Indurama%20stoves%20user%20manual.pdf,,Ferrara,Gas stove,en,latam.indurama.com,https://latam.indurama.com/sites/default/files/ferrara1_0.png,manual,https://latam.indurama.com/en/productos/ferrara
indurama.com,https://latam.indurama.com/_externo/infomail/pdf/infomail_840.pdf,,Ferrara,Gas stove,en,latam.indurama.com,https://latam.indurama.com/sites/default/files/ferrara1_0.png,infomail,https://latam.indurama.com/en/productos/ferrara
indurama.com,https://latam.indurama.com/sites/default/files/MANUAL%20GENERICO%20COCINAS1_4.pdf,,Florencia,Cocinas a Gas,es,latam.indurama.com,https://latam.indurama.com/sites/default/files/florencia-frontal-cerrada_0.png,manual,https://latam.indurama.com/ca/productos/florencia
indurama.com,https://latam.indurama.com/_externo/infomail/pdf/infomail_1075.pdf,,Florencia,Cocinas a Gas,es,latam.indurama.com,https://latam.indurama.com/sites/default/files/florencia-frontal-cerrada_0.png,infomail,https://latam.indurama.com/ca/productos/florencia
indurama.com,https://latam.indurama.com/sites/default/files/MANUAL%20GENERICO%20COCINAS1_1.pdf,,Galicia,Cocinas a Gas,es,latam.indurama.com,https://latam.indurama.com/sites/default/files/FRONTAL_0.png,manual,https://latam.indurama.com/ca/productos/galicia
indurama.com,https://latam.indurama.com/_externo/infomail/pdf/infomail_1076.pdf,,Galicia,Cocinas a Gas,es,latam.indurama.com,https://latam.indurama.com/sites/default/files/FRONTAL_0.png,infomail,https://latam.indurama.com/ca/productos/galicia
indurama.com,https://latam.indurama.com/sites/default/files/NA3535%20MANUAL%20GENERICO%20COCINAS1-ilovepdf-compressed%20%284%29.pdf,,Montecarlo,Cocinas a Gas,es,latam.indurama.com,https://latam.indurama.com/sites/default/files/montecarlo-abierta_0.png,manual,https://latam.indurama.com/ca/productos/montecarlo
indurama.com,https://latam.indurama.com/_externo/infomail/pdf/infomail_1077.pdf,,Montecarlo,Cocinas a Gas,es,latam.indurama.com,https://latam.indurama.com/sites/default/files/montecarlo-abierta_0.png,infomail,https://latam.indurama.com/ca/productos/montecarlo
indurama.com,https://latam.indurama.com/_externo/infomail/pdf/infomail_2232.pdf,,Florencia,Cocinas a Gas,es,latam.indurama.com,https://latam.indurama.com/sites/default/files/1_FLORENCIA.png,infomail,https://latam.indurama.com/ca/productos/florencia-0
indurama.com,https://latam.indurama.com/_externo/infomail/pdf/infomail_2233.pdf,,Galicia,Cocinas a Gas,es,latam.indurama.com,https://latam.indurama.com/sites/default/files/1_Galicia.png,infomail,https://latam.indurama.com/ca/productos/galicia-0
indurama.com,https://latam.indurama.com/_externo/infomail/pdf/infomail_2231.pdf,,Montecarlo,Cocinas a Gas,es,latam.indurama.com,https://latam.indurama.com/sites/default/files/F_0.png,infomail,https://latam.indurama.com/ca/productos/montecarlo-0
indurama.com,https://latam.indurama.com/_externo/infomail/pdf/infomail_2103.pdf,,Parma,Cocina a Gas,es,latam.indurama.com,https://latam.indurama.com/sites/default/files/FRONTALA-TAPA-ABIERTApng.png,infomail,https://latam.indurama.com/sv/productos/parma-0
indurama.com,https://latam.indurama.com/_externo/infomail/pdf/infomail_2101.pdf,,Galicia,Cocina a Gas,es,latam.indurama.com,https://latam.indurama.com/sites/default/files/FRONTAL-HORNO-CERRADO.png,infomail,https://latam.indurama.com/sv/productos/galicia-0
indurama.com,https://latam.indurama.com/_externo/infomail/pdf/infomail_2259.pdf,,Mónaco,Cocinas a Gas,es,latam.indurama.com,https://latam.indurama.com/sites/default/files/FRONTAL-TAPA-ABIERTA.png,infomail,https://latam.indurama.com/sv/productos/m%C3%B3naco
indurama.com,https://latam.indurama.com/_externo/infomail/pdf/infomail_2090.pdf,,Roma,Cocina a Gas,es,latam.indurama.com,https://latam.indurama.com/sites/default/files/FRONTAL-TAPA-ABIERTA_0.png,infomail,https://latam.indurama.com/sv/productos/roma-0
indurama.com,https://latam.indurama.com/_externo/infomail/pdf/infomail_2100.pdf,,Montecarlo,Cocina a Gas,es,latam.indurama.com,https://latam.indurama.com/sites/default/files/E_1.png,infomail,https://latam.indurama.com/sv/productos/montecarlo-0
indurama.com,https://latam.indurama.com/_externo/infomail/pdf/infomail_2227.pdf,,RI-385CR-CD,Nevera,es,latam.indurama.com,https://latam.indurama.com/sites/default/files/RI-385-CR-FRONTAL-png.png,infomail,https://latam.indurama.com/ni/productos/ri-385cr-cd
indurama.com,https://latam.indurama.com/sites/default/files/Manual%20Refrigeradoras%20Generico_4.pdf,,RI-530 BL,Refrigeradora,es,latam.indurama.com,https://latam.indurama.com/sites/default/files/RI-530BL.png,manual,https://latam.indurama.com/ni/productos/ri-530-bl
indurama.com,https://latam.indurama.com/_externo/infomail/pdf/infomail_2229.pdf,,RI-530 BL,Refrigeradora,es,latam.indurama.com,https://latam.indurama.com/sites/default/files/RI-530BL.png,infomail,https://latam.indurama.com/ni/productos/ri-530-bl
indurama.com,https://latam.indurama.com/sites/default/files/Manual%20Refrigeradoras%20Generico_77.pdf,,RI-430 CR,Refrigeración,es,latam.indurama.com,https://latam.indurama.com/sites/default/files/RI-430CR.png,manual,https://latam.indurama.com/ni/productos/ri-430-cr
indurama.com,https://latam.indurama.com/_externo/infomail/pdf/infomail_2230.pdf,,RI-430 CR,Refrigeración,es,latam.indurama.com,https://latam.indurama.com/sites/default/files/RI-430CR.png,infomail,https://latam.indurama.com/ni/productos/ri-430-cr
indurama.com,https://latam.indurama.com/sites/default/files/Manual%20Refrigeradoras%20Generico_125.pdf,,RI-485 CR,Neveras Inverter,es,latam.indurama.com,https://latam.indurama.com/sites/default/files/CR%20RI-485_2.png,manual,https://latam.indurama.com/ni/productos/ri-485-cr
indurama.com,https://latam.indurama.com/_externo/infomail/pdf/infomail_2228.pdf,,RI-485 CR,Neveras Inverter,es,latam.indurama.com,https://latam.indurama.com/sites/default/files/CR%20RI-485_2.png,infomail,https://latam.indurama.com/ni/productos/ri-485-cr
indurama.com,https://latam.indurama.com/sites/default/files/Manual%20VFV_0.pdf,,VFV-520,Vitrinas,es,latam.indurama.com,https://latam.indurama.com/sites/default/files/VFV-520R-FRONTAL_ec_0.png,manual,https://latam.indurama.com/ni/productos/vfv-520
indurama.com,https://latam.indurama.com/_externo/infomail/pdf/infomail_2226.pdf,,VFV-520,Vitrinas,es,latam.indurama.com,https://latam.indurama.com/sites/default/files/VFV-520R-FRONTAL_ec_0.png,infomail,https://latam.indurama.com/ni/productos/vfv-520
indurama.com,https://latam.indurama.com/_externo/infomail/pdf/infomail_2111.pdf,,Roma,Cocina a Gas,es,latam.indurama.com,https://latam.indurama.com/sites/default/files/FRONTAL-TAPA-ABIERTA_0.png,infomail,https://latam.indurama.com/ni/productos/roma-0
indurama.com,https://latam.indurama.com/_externo/infomail/pdf/infomail_2110.pdf,,Montecarlo,Cocina a Gas,es,latam.indurama.com,https://latam.indurama.com/sites/default/files/E_0.png,infomail,https://latam.indurama.com/ni/productos/montecarlo-0
