brand,file_urls,model,product,product_lang,source,type,url
stero,"https://www.stero.com/specsheets/ER44.pdf""",ER44,Rack Conveyors,,stero.com,specsheet,https://stero.com/products/rack-conveyors/
stero,"https://www.stero.com/specsheets/ER44.pdf""",ER44,Rack Conveyors,,stero.com,specsheet,https://stero.com/products/rack-conveyors/
stero,"https://www.stero.com/specsheets/ER54.pdf""",ER54,Rack Conveyors,,stero.com,specsheet,https://stero.com/products/rack-conveyors/
stero,"https://www.stero.com/specsheets/ER54.pdf""",ER54,Rack Conveyors,,stero.com,specsheet,https://stero.com/products/rack-conveyors/
stero,"https://www.stero.com/specsheets/ER66S.pdf""",ER66S,Rack Conveyors,,stero.com,specsheet,https://stero.com/products/rack-conveyors/
stero,"https://www.stero.com/specsheets/ER66S.pdf""",ER66S,Rack Conveyors,,stero.com,specsheet,https://stero.com/products/rack-conveyors/
stero,"https://www.stero.com/specsheets/ER76S.pdf""",ER76S,Rack Conveyors,,stero.com,specsheet,https://stero.com/products/rack-conveyors/
stero,"https://www.stero.com/specsheets/U-31A-A2.pdf""",U-31A-A2,POT PAN UTENSIL WASHERS,,stero.com,specsheet,https://stero.com/products/pot-pan-utensil-washer/
stero,"https://www.stero.com/specsheets/ER76S.pdf""",ER76S,Rack Conveyors,,stero.com,specsheet,https://stero.com/products/rack-conveyors/
stero,"https://www.stero.com/specsheets/ER64.pdf""",ER64,Rack Conveyors,,stero.com,specsheet,https://stero.com/products/rack-conveyors/
stero,"https://www.stero.com/specsheets/ER64.pdf""",ER64,Rack Conveyors,,stero.com,specsheet,https://stero.com/products/rack-conveyors/
stero,"https://www.stero.com/specsheets/ER86S.pdf""",ER86S,Rack Conveyors,,stero.com,specsheet,https://stero.com/products/rack-conveyors/
stero,"https://www.stero.com/specsheets/U-31A-A2.pdf""",U-31A-A2,POT PAN UTENSIL WASHERS,,stero.com,specsheet,https://stero.com/products/pot-pan-utensil-washer/
stero,"https://www.stero.com/specsheets/STBUW.pdf""",STBUW,POT PAN UTENSIL WASHERS,,stero.com,specsheet,https://stero.com/products/pot-pan-utensil-washer/
stero,"https://www.stero.com/specsheets/STBUW.pdf""",STBUW,POT PAN UTENSIL WASHERS,,stero.com,specsheet,https://stero.com/products/pot-pan-utensil-washer/
stero,"https://www.stero.com/specsheets/SD3.pdf""",SD3,DOOR MACHINES,,stero.com,specsheet,https://stero.com/products/door-machines/
stero,"https://www.stero.com/specsheets/ER86S.pdf""",ER86S,Rack Conveyors,,stero.com,specsheet,https://stero.com/products/rack-conveyors/
stero,"https://www.stero.com/specsheets/ER94S.pdf""",ER94S,Rack Conveyors,,stero.com,specsheet,https://stero.com/products/rack-conveyors/
stero,"https://www.stero.com/specsheets/ER94S.pdf""",ER94S,Rack Conveyors,,stero.com,specsheet,https://stero.com/products/rack-conveyors/
stero,"https://www.stero.com/specsheets/STPCW-ER.pdf""",STPCW-ER,FLIGHT TYPE CONVEYORS,,stero.com,specsheet,https://stero.com/products/flight-type-conveyors/
stero,"https://www.stero.com/specsheets/SD3.pdf""",SD3,DOOR MACHINES,,stero.com,specsheet,https://stero.com/products/door-machines/
stero,"https://www.stero.com/specsheets/SD3T.pdf""",SD3T,DOOR MACHINES,,stero.com,specsheet,https://stero.com/products/door-machines/
stero,"https://www.stero.com/specsheets/SD3T.pdf""",SD3T,DOOR MACHINES,,stero.com,specsheet,https://stero.com/products/door-machines/
stero,"https://www.stero.com/specsheets/STPCW-ER.pdf""",STPCW-ER,FLIGHT TYPE CONVEYORS,,stero.com,specsheet,https://stero.com/products/flight-type-conveyors/
stero,"https://www.stero.com/specsheets/STBUW.pdf""",STBUW,FLIGHT TYPE CONVEYORS,,stero.com,specsheet,https://stero.com/products/flight-type-conveyors/
stero,"https://www.stero.com/specsheets/STBUW.pdf""",STBUW,FLIGHT TYPE CONVEYORS,,stero.com,specsheet,https://stero.com/products/flight-type-conveyors/
stero,"https://www.stero.com/specsheets/SC-MODULAR-CONVEYOR.pdf""",SC-MODULAR-CONVEYOR, MODULAR CONVEYORS,,stero.com,specsheet,https://stero.com/products/modular-conveyors/
stero,"https://www.stero.com/specsheets/STPCW.pdf""",STPCW,FLIGHT TYPE CONVEYORS,,stero.com,specsheet,https://stero.com/products/flight-type-conveyors/
stero,"https://www.stero.com/specsheets/STPCW.pdf""",STPCW,FLIGHT TYPE CONVEYORS,,stero.com,specsheet,https://stero.com/products/flight-type-conveyors/
stero,"https://www.stero.com/specsheets/SC-MODULAR-CONVEYOR.pdf""",SC-MODULAR-CONVEYOR, MODULAR CONVEYORS,,stero.com,specsheet,https://stero.com/products/modular-conveyors/
stero,"https://www.stero.com/specsheets/SC24.pdf""",SC24, MODULAR CONVEYORS,,stero.com,specsheet,https://stero.com/products/modular-conveyors/
stero,"https://www.stero.com/specsheets/SC24.pdf""",SC24, MODULAR CONVEYORS,,stero.com,specsheet,https://stero.com/products/modular-conveyors/
stero,"https://www.stero.com/specsheets/ST50438%20(02-22)%20SG.pdf""",ST50438%20(02-22)%20SG,GLASSWASHER,,stero.com,specsheet,https://stero.com/products/glasswasher/
stero,"https://www.stero.com/specsheets/SU.pdf""",SU,UNDERCOUNTER,,stero.com,specsheet,https://stero.com/products/undercounter/
stero,"https://www.stero.com/specsheets/ST50438%20(02-22)%20SG.pdf""",ST50438%20(02-22)%20SG,GLASSWASHER,,stero.com,specsheet,https://stero.com/products/glasswasher/
stero,"https://www.stero.com/specsheets/SU.pdf""",SU,UNDERCOUNTER,,stero.com,specsheet,https://stero.com/products/undercounter/
stero,"https://www.stero.com/specsheets/SU.pdf""",SU,UNDERCOUNTER,,stero.com,specsheet,https://stero.com/products/undercounter/
stero,"https://www.stero.com/specsheets/SU.pdf""",SU,UNDERCOUNTER,,stero.com,specsheet,https://stero.com/products/undercounter/
berkelequipment,https://www.berkelequipment.com/sites/default/files/webdam_asset/86183077.pdf,250,250 Vacuum Packaging Machine,,berkelequipment.com,Spec Sheet,https://www.berkelequipment.com/vacuum-packaging/250-vacuum-packaging-machine
berkelequipment,https://www.berkelequipment.com/sites/default/files/webdam_asset/86183078.pdf,350,350 Vacuum Packaging Machine,,berkelequipment.com,Spec Sheet,https://www.berkelequipment.com/vacuum-packaging/350-vacuum-packaging-machine
berkelequipment,https://www.berkelequipment.com/sites/default/files/webdam_asset/123576890.pdf,B10-SLC,B10 Gravity Feed Slicer,,berkelequipment.com,Spec Sheet,https://www.berkelequipment.com/slicers/b10-gravity-feed-slicer
gaylordventilation,https://www.gaylordventilation.com/sites/default/files/RSPC%20ESP%20OW%20Technical%20Manual.pdf,RSPC-ESP-OW,ESP Pollution Control Unit,,gaylordventilation.com,Manual,https://www.gaylordventilation.com/resource-center?query=&file-type=258&product-type=all&sort=recent&page=1
berkelequipment,https://www.berkelequipment.com/sites/default/files/webdam_asset/86183124.pdf,MB1-2STD,"1/2"" MB Series 1/3 HP Countertop Bread Slicer",,berkelequipment.com,Spec Sheet,https://www.berkelequipment.com/slicers/12-mb-series-13-hp-countertop-bread-slicer
gaylordventilation,https://www.gaylordventilation.com/sites/default/files/ELXC%20%26%20ELXC%20UV%20Technical%20Manual.pdf,ELXC & ELXC-UV,ELXC & ELXC-UV,,gaylordventilation.com,Manual,https://www.gaylordventilation.com/resource-center?query=&file-type=258&product-type=all&sort=recent&page=1
gaylordventilation,https://www.gaylordventilation.com/sites/default/files/ELX%20%26%20ELX%20UV%20Technical%20Manual.pdf,ELX & ELX-UV,ELX & ELX-UV,,gaylordventilation.com,Manual,https://www.gaylordventilation.com/resource-center?query=&file-type=258&product-type=all&sort=recent&page=1
gaylordventilation,https://www.gaylordventilation.com/sites/default/files/EL%20Technical%20Manual_0.pdf,EL,EL Dry Ventilator,,gaylordventilation.com,Manual,https://www.gaylordventilation.com/resource-center?query=&file-type=258&product-type=all&sort=recent&page=1
gaylordventilation,https://www.gaylordventilation.com/sites/default/files/DCA%20Technical%20Manual%20R2%2003%2004%202021.pdf,,Demand Control Autostart,,gaylordventilation.com,Manual,https://www.gaylordventilation.com/resource-center?query=&file-type=258&product-type=all&sort=recent&page=1
berkelequipment,https://www.berkelequipment.com/sites/default/files/webdam_asset/86183078.pdf,350D,350D Vacuum Packaging Machine,,berkelequipment.com,Spec Sheet,https://www.berkelequipment.com/vacuum-packaging/350d-vacuum-packaging-machine
gaylordventilation,https://www.gaylordventilation.com/sites/default/files/Eliminator%20ELXC-SPC%20CAN%20Technical%20Manual_0.pdf,ELXC-SPC,Eliminator Pollution Control Ventilator,,gaylordventilation.com,Manual,https://www.gaylordventilation.com/resource-center?query=&file-type=258&product-type=all&sort=recent
gaylordventilation,https://www.gaylordventilation.com/sites/default/files/CUV-1000%20Technical%20Manual.pdf,CUV,CUV Control Cabinet,,gaylordventilation.com,Manual,https://www.gaylordventilation.com/resource-center?query=&file-type=258&product-type=all&sort=recent&page=1
gaylordventilation,https://www.gaylordventilation.com/sites/default/files/CG3-UVi%20Technical%20Manual_0.pdf,CG3-UVi,CG3-UVi Series,,gaylordventilation.com,Manual,https://www.gaylordventilation.com/resource-center?query=&file-type=258&product-type=all&sort=recent&page=1
gaylordventilation,https://www.gaylordventilation.com/sites/default/files/RSPC-TPF-PCV-OCU%20Technical%20Manual_1.pdf,RSPC-TPF-PCV,Eliminator Duct-Mounted Pollution Control Unit,,gaylordventilation.com,Manual,https://www.gaylordventilation.com/resource-center?query=&file-type=258&product-type=all&sort=recent
gaylordventilation,https://www.gaylordventilation.com/sites/default/files/UDS-TM.pdf,,"Gaylord ""Distributor"" โข",,gaylordventilation.com,Manual,https://www.gaylordventilation.com/resource-center?query=&file-type=258&product-type=all&sort=recent
berkelequipment,https://www.berkelequipment.com/sites/default/files/webdam_asset/86183124.pdf,MB7-16STD,"7/16"" MB Series 1/3 HP Countertop Bread Slicer",,berkelequipment.com,Spec Sheet,https://www.berkelequipment.com/slicers/716-mb-series-13-hp-countertop-bread-slicer
berkelequipment,https://www.berkelequipment.com/sites/default/files/webdam_asset/123576893.pdf,B14-SLC,B14 Gravity Feed Slicer,,berkelequipment.com,Spec Sheet,https://www.berkelequipment.com/slicers/b14-gravity-feed-slicer
berkelequipment,https://www.berkelequipment.com/sites/default/files/webdam_asset/2023-02/86183160.pdf,X13-PLUS,"X13-Plus Series 13"" Knife Manual Gravity Feed Slicer (45ยบ) with Gauge Plate Interlock",,berkelequipment.com,Spec Sheet,https://www.berkelequipment.com/slicers/x13-plus-series-13-knife-manual-gravity-feed-slicer-45o-gauge-plate-interlock
gaylordventilation,https://www.gaylordventilation.com/sites/default/files/Eliminator%20ELXC-SPC%20Technical%20Manual.pdf,ELXC-SPC,Eliminator Pollution Control Ventilator,,gaylordventilation.com,Manual,https://www.gaylordventilation.com/resource-center?query=&file-type=258&product-type=all&sort=recent
gaylordventilation,https://www.gaylordventilation.com/sites/default/files/C-7000A%20Technical%20Manual_0.pdf,C-7000A,C-7000A Command Center,,gaylordventilation.com,Manual,https://www.gaylordventilation.com/resource-center?query=&file-type=258&product-type=all&sort=recent
berkelequipment,https://www.berkelequipment.com/sites/default/files/webdam_asset/123576891.pdf,B12-SLC,B12 Gravity Feed Slicer,,berkelequipment.com,Spec Sheet,https://www.berkelequipment.com/slicers/b12-gravity-feed-slicer
gaylordventilation,https://www.gaylordventilation.com/sites/default/files/C-6000-D%20Technical%20Manual.pdf,C-6000D,C-6000D Control Cabinet,,gaylordventilation.com,Manual,https://www.gaylordventilation.com/resource-center?query=&file-type=258&product-type=all&sort=recent
gaylordventilation,https://www.gaylordventilation.com/sites/default/files/AirVantage%20%28DCV-AV%3B%20DCV-AVND%29%20Operators%20Manual_0.pdf,,AirVantage,,gaylordventilation.com,Manual,https://www.gaylordventilation.com/resource-center?query=&file-type=258&product-type=all&sort=recent
berkelequipment,https://www.berkelequipment.com/sites/default/files/webdam_asset/86183124.pdf,MB3-8STD,"3/8"" MB Series 1/3 HP Countertop Bread Slicer",,berkelequipment.com,Spec Sheet,https://www.berkelequipment.com/slicers/38-mb-series-13-hp-countertop-bread-slicer
berkelequipment,https://www.berkelequipment.com/sites/default/files/webdam_asset/86183161.pdf,X13A-PLUS,"X13-Plus Series 13"" Knife Automatic Gravity Feed Slicer (45ยบ) with 3 Stroke Lengths and Speeds and Gauge Plate Interlock",,berkelequipment.com,Spec Sheet,https://www.berkelequipment.com/slicers/x13-plus-series-13-knife-automatic-gravity-feed-slicer-45o-3-stroke-lengths-and-speeds-and
berkelequipment,https://www.berkelequipment.com/sites/default/files/webdam_asset/123576889.pdf,B9-SLC,B9 Gravity Feed Slicer,,berkelequipment.com,Spec Sheet,https://www.berkelequipment.com/slicers/b9-gravity-feed-slicer
berkelequipment,https://www.berkelequipment.com/sites/default/files/webdam_asset/123576892.pdf,B12A-SLC,B12A Gravity Feed Slicer,,berkelequipment.com,Spec Sheet,https://www.berkelequipment.com/slicers/b12a-gravity-feed-slicer
gaylordventilation,https://www.gaylordventilation.com/sites/default/files/VH2_2.pdf,,VH2 Series Vapor Hood,,gaylordventilation.com,Brochures,https://www.gaylordventilation.com/products/ventilation/vh2-series-vapor-hood
gaylordventilation,https://www.gaylordventilation.com/sites/default/files/VH2-HH%20Technical%20Manual.pdf,VH2,Model VH2,,gaylordventilation.com,Manual,https://www.gaylordventilation.com/resource-center?query=&file-type=258&product-type=all&sort=recent
gaylordventilation,https://www.gaylordventilation.com/sites/default/files/RSPC-TPF%20FM-1000A%20Technical%20Manual.pdf,RSPC-TPF-FM-1000A,TPF Pollution Control Unit,,gaylordventilation.com,Manual,https://www.gaylordventilation.com/resource-center?query=&file-type=258&product-type=all&sort=recent
gaylordventilation,/gaylord-flipbooks/blue-book/index.html,,VH2 Series Vapor Hood,,gaylordventilation.com,Brochures,https://www.gaylordventilation.com/products/ventilation/vh2-series-vapor-hood
gaylordventilation,https://www.gaylordventilation.com/resource-center,,VH2 Series Vapor Hood,,gaylordventilation.com,Brochures,https://www.gaylordventilation.com/products/ventilation/vh2-series-vapor-hood
gaylordventilation,https://www.gaylordventilation.com/sites/default/files/Eliminator%20Product%20of%20The%20Year%202018%20General%20Brochure_3.pdf,,Show Smoke and Odor Who's Boss,,gaylordventilation.com,Brochures,https://www.gaylordventilation.com/products/ventilation/show-smoke-and-odor-whos-boss
berkelequipment,https://www.berkelequipment.com/sites/default/files/webdam_asset/86183124.pdf,MB3-4STD,"3/4"" MB Series 1/3 HP Countertop Bread Slicer",,berkelequipment.com,Spec Sheet,https://www.berkelequipment.com/slicers/34-mb-series-13-hp-countertop-bread-slicer
berkelequipment,,330M,"13"" CS Knife Automatic Feed Classic Flywheel Prosciutto Slicer",,berkelequipment.com,,https://www.berkelequipment.com/slicers/13-cs-knife-automatic-feed-classic-flywheel-prosciutto-slicer
gaylordventilation,/gaylord-flipbooks/blue-book/index.html,,Gaylord Custom Designs,,gaylordventilation.com,Brochures,https://www.gaylordventilation.com/products/ventilation/gaylord-custom-designs
gaylordventilation,https://www.gaylordventilation.com/sites/default/files/RSPC%20TPF%20with%20FM-100%20Technical%20Manual.pdf,RSPC-TPF,TPF Pollution Control Unit,,gaylordventilation.com,Manual,https://www.gaylordventilation.com/resource-center?query=&file-type=258&product-type=all&sort=recent
gaylordventilation,https://www.gaylordventilation.com/sites/default/files/Gaylord_XGS_High_Efficiency_Extractor_XGS-1112-21831_1.pdf,,Show Smoke and Odor Who's Boss,,gaylordventilation.com,Brochures,https://www.gaylordventilation.com/products/ventilation/show-smoke-and-odor-whos-boss
gaylordventilation,https://www.gaylordventilation.com/sites/default/files/ELXC-SPC-SO.pdf,,Show Smoke and Odor Who's Boss,,gaylordventilation.com,Spec Sheet,https://www.gaylordventilation.com/products/ventilation/show-smoke-and-odor-whos-boss
gaylordventilation,https://www.gaylordventilation.com/sites/default/files/ELXC-SPC-SO-CL.pdf,,Show Smoke and Odor Who's Boss,,gaylordventilation.com,Spec Sheet,https://www.gaylordventilation.com/products/ventilation/show-smoke-and-odor-whos-boss
gaylordventilation,https://www.gaylordventilation.com/sites/default/files/ELXC-SPC-SO-BB.pdf,,Show Smoke and Odor Who's Boss,,gaylordventilation.com,Spec Sheet,https://www.gaylordventilation.com/products/ventilation/show-smoke-and-odor-whos-boss
gaylordventilation,https://www.gaylordventilation.com/sites/default/files/EL%20Series%20General%20Brochure_0.pdf,,ELX Series Ventilator,,gaylordventilation.com,Brochures,https://www.gaylordventilation.com/products/ventilation/elx-series-ventilator
berkelequipment,https://www.berkelequipment.com/sites/default/files/webdam_asset/86183140.pdf,300M,"12"" CS Knife Automatic Feed Classic Flywheel Prosciutto Slicer",,berkelequipment.com,Spec Sheet,https://www.berkelequipment.com/slicers/12-cs-knife-automatic-feed-classic-flywheel-prosciutto-slicer
gaylordventilation,https://www.gaylordventilation.com/sites/default/files/XGS%20Extractor%20Spec%20Sheet_8.pdf,,Show Smoke and Odor Who's Boss,,gaylordventilation.com,Brochures,https://www.gaylordventilation.com/products/ventilation/show-smoke-and-odor-whos-boss
gaylordventilation,https://www.gaylordventilation.com/sites/default/files/PBW_2.pdf,,Show Smoke and Odor Who's Boss,,gaylordventilation.com,Brochures,https://www.gaylordventilation.com/products/ventilation/show-smoke-and-odor-whos-boss
gaylordventilation,https://www.gaylordventilation.com/sites/default/files/XGS%20Extractor_2.pdf,,ELX Series Ventilator,,gaylordventilation.com,Brochures,https://www.gaylordventilation.com/products/ventilation/elx-series-ventilator
gaylordventilation,https://www.gaylordventilation.com/sites/default/files/ELX_0.pdf,,ELX Series Ventilator,,gaylordventilation.com,Brochures,https://www.gaylordventilation.com/products/ventilation/elx-series-ventilator
gaylordventilation,https://www.gaylordventilation.com/sites/default/files/ELX-BBC-CL_0.pdf,,ELX Series Ventilator,,gaylordventilation.com,Brochures,https://www.gaylordventilation.com/products/ventilation/elx-series-ventilator
gaylordventilation,https://www.gaylordventilation.com/sites/default/files/ELX-BB_0.pdf,,ELX Series Ventilator,,gaylordventilation.com,Brochures,https://www.gaylordventilation.com/products/ventilation/elx-series-ventilator
gaylordventilation,https://www.gaylordventilation.com/sites/default/files/GPC-7000-SPC-SO_0.pdf,,Show Smoke and Odor Who's Boss,,gaylordventilation.com,Brochures,https://www.gaylordventilation.com/products/ventilation/show-smoke-and-odor-whos-boss
gaylordventilation,https://www.gaylordventilation.com/sites/default/files/GPC-7000-SPC-SO-R.pdf,,Show Smoke and Odor Who's Boss,,gaylordventilation.com,Brochures,https://www.gaylordventilation.com/products/ventilation/show-smoke-and-odor-whos-boss
gaylordventilation,/gaylord-flipbooks/blue-book/index.html,,Show Smoke and Odor Who's Boss,,gaylordventilation.com,Brochures,https://www.gaylordventilation.com/products/ventilation/show-smoke-and-odor-whos-boss
gaylordventilation,https://www.gaylordventilation.com/sites/default/files/XGS%20Extractor%20Spec%20Sheet_6.pdf,,ELX Series Ventilator,,gaylordventilation.com,Brochures,https://www.gaylordventilation.com/products/ventilation/elx-series-ventilator
gaylordventilation,https://www.gaylordventilation.com/sites/default/files/PBW_0.pdf,,ELX Series Ventilator,,gaylordventilation.com,Brochures,https://www.gaylordventilation.com/products/ventilation/elx-series-ventilator
gaylordventilation,/gaylord-flipbooks/blue-book/index.html,,ELX Series Ventilator,,gaylordventilation.com,Brochures,https://www.gaylordventilation.com/products/ventilation/elx-series-ventilator
gaylordventilation,https://www.gaylordventilation.com/resource-center,,ELX Series Ventilator,,gaylordventilation.com,Brochures,https://www.gaylordventilation.com/products/ventilation/elx-series-ventilator
gaylordventilation,https://www.gaylordventilation.com/resource-center,,Show Smoke and Odor Who's Boss,,gaylordventilation.com,Brochures,https://www.gaylordventilation.com/products/ventilation/show-smoke-and-odor-whos-boss
gaylordventilation,https://www.youtube.com/watch?v=YXqI03vyRpo&t=12s,,ELX Series Ventilator,,gaylordventilation.com,Brochures,https://www.gaylordventilation.com/products/ventilation/elx-series-ventilator
gaylordventilation,https://www.gaylordventilation.com/sites/default/files/EL%20Series%20General%20Brochure_5.pdf,,ELXC Clean-In-Place Ventilators,,gaylordventilation.com,Brochures,https://www.gaylordventilation.com/products/ventilation/elxc-clean-place-ventilators
gaylordventilation,https://www.gaylordventilation.com/sites/default/files/Gaylord_XGS_High_Efficiency_Extractor_XGS-1112-21831_0.pdf,,ELXC Clean-In-Place Ventilators,,gaylordventilation.com,Brochures,https://www.gaylordventilation.com/products/ventilation/elxc-clean-place-ventilators
gaylordventilation,https://www.gaylordventilation.com/sites/default/files/ELXC.pdf,,ELXC Clean-In-Place Ventilators,,gaylordventilation.com,Brochures,https://www.gaylordventilation.com/products/ventilation/elxc-clean-place-ventilators
gaylordventilation,https://www.gaylordventilation.com/sites/default/files/GS-710E%20Brochure.pdf,,Specifically Designed Solutions,,gaylordventilation.com,Brochures,https://www.gaylordventilation.com/products/additional-products/specifically-designed-solutions-1
gaylordventilation,https://www.gaylordventilation.com/sites/default/files/G-510EF.pdf,,Specifically Designed Solutions,,gaylordventilation.com,Brochures,https://www.gaylordventilation.com/products/additional-products/specifically-designed-solutions
gaylordventilation,https://www.gaylordventilation.com/sites/default/files/ELXC-BBC-CL_0.pdf,,ELXC Clean-In-Place Ventilators,,gaylordventilation.com,Brochures,https://www.gaylordventilation.com/products/ventilation/elxc-clean-place-ventilators
gaylordventilation,https://www.gaylordventilation.com/sites/default/files/ELXC-BB_0.pdf,,ELXC Clean-In-Place Ventilators,,gaylordventilation.com,Brochures,https://www.gaylordventilation.com/products/ventilation/elxc-clean-place-ventilators
gaylordventilation,https://www.gaylordventilation.com/sites/default/files/XGS%20Extractor%20Spec%20Sheet_7.pdf,,ELXC Clean-In-Place Ventilators,,gaylordventilation.com,Brochures,https://www.gaylordventilation.com/products/ventilation/elxc-clean-place-ventilators
gaylordventilation,https://2010products.com/wp-content/uploads/2016/01/GS710-Odor-Eliminator.pdf,,Specifically Designed Solutions,,gaylordventilation.com,Brochures,https://www.gaylordventilation.com/products/additional-products/specifically-designed-solutions-1
gaylordventilation,/gaylord-flipbooks/blue-book/index.html,,Specifically Designed Solutions,,gaylordventilation.com,Brochures,https://www.gaylordventilation.com/products/additional-products/specifically-designed-solutions-1
gaylordventilation,https://2010products.com/wp-content/uploads/2016/05/G510EF___-HOOD-WASH-CLEANER-DEGREASER.pdf,,Specifically Designed Solutions,,gaylordventilation.com,Data sheet,https://www.gaylordventilation.com/products/additional-products/specifically-designed-solutions
gaylordventilation,/gaylord-flipbooks/blue-book/index.html,,Specifically Designed Solutions,,gaylordventilation.com,Brochures,https://www.gaylordventilation.com/products/additional-products/specifically-designed-solutions
gaylordventilation,https://www.gaylordventilation.com/sites/default/files/PBW_1.pdf,,ELXC Clean-In-Place Ventilators,,gaylordventilation.com,Brochures,https://www.gaylordventilation.com/products/ventilation/elxc-clean-place-ventilators
gaylordventilation,https://www.gaylordventilation.com/sites/default/files/GPC-7000_2.pdf,,ELXC Clean-In-Place Ventilators,,gaylordventilation.com,Brochures,https://www.gaylordventilation.com/products/ventilation/elxc-clean-place-ventilators
gaylordventilation,/gaylord-flipbooks/blue-book/index.html,,ELXC Clean-In-Place Ventilators,,gaylordventilation.com,Brochures,https://www.gaylordventilation.com/products/ventilation/elxc-clean-place-ventilators
gaylordventilation,https://www.gaylordventilation.com/resource-center,,ELXC Clean-In-Place Ventilators,,gaylordventilation.com,Brochures,https://www.gaylordventilation.com/products/ventilation/elxc-clean-place-ventilators
gaylordventilation,https://www.gaylordventilation.com/sites/default/files/AirVantage%20General%20Brochure_0.pdf,,AirVantage,,gaylordventilation.com,Brochures,https://www.gaylordventilation.com/products/dcv-technology/airvantage
gaylordventilation,https://www.gaylordventilation.com/sites/default/files/AirVantage%20DCV-AV%20Spec%20Sheet.pdf,,AirVantage,,gaylordventilation.com,Spec Sheet,https://www.gaylordventilation.com/products/dcv-technology/airvantage
gaylordventilation,https://www.gaylordventilation.com/sites/default/files/AirVantage%20DCV-AVND%20Spec%20Sheet.pdf,,AirVantage,,gaylordventilation.com,Spec Sheet,https://www.gaylordventilation.com/products/dcv-technology/airvantage
gaylordventilation,/gaylord-flipbooks/blue-book/index.html,,AirVantage,,gaylordventilation.com,Brochures,https://www.gaylordventilation.com/products/dcv-technology/airvantage
gaylordventilation,https://www.gaylordventilation.com/resource-center,,AirVantage,,gaylordventilation.com,Brochures,https://www.gaylordventilation.com/products/dcv-technology/airvantage
gaylordventilation,https://www.gaylordventilation.com/resource-center,,AirVantage,,gaylordventilation.com,Brochures,https://www.gaylordventilation.com/products/dcv-technology/airvantage
gaylordventilation,https://www.gaylordventilation.com/sites/default/files/G-510%20ESP_1.pdf,,Specifically Designed Solutions,,gaylordventilation.com,Brochures,https://www.gaylordventilation.com/products/additional-products/specifically-designed-solutions-0
gaylordventilation,https://2010products.com/wp-content/uploads/2016/09/G510ESP___-Hood-Wash-Electrostatic-Precipitator-Cleaner.pdf,,Specifically Designed Solutions,,gaylordventilation.com,Data sheet,https://www.gaylordventilation.com/products/additional-products/specifically-designed-solutions-0
gaylordventilation,/gaylord-flipbooks/blue-book/index.html,,Specifically Designed Solutions,,gaylordventilation.com,Brochures,https://www.gaylordventilation.com/products/additional-products/specifically-designed-solutions-0
gaylordventilation,https://www.gaylordventilation.com/sites/default/files/EL%20Series%20General%20Brochure_4.pdf,,EL Series Ventilator,,gaylordventilation.com,Brochures,https://www.gaylordventilation.com/products/ventilation/el-series-ventilator
gaylordventilation,https://www.gaylordventilation.com/sites/default/files/EL.pdf,,EL Series Ventilator,,gaylordventilation.com,Brochures,https://www.gaylordventilation.com/products/ventilation/el-series-ventilator
gaylordventilation,https://www.gaylordventilation.com/sites/default/files/EL-BB_0.pdf,,EL Series Ventilator,,gaylordventilation.com,Brochures,https://www.gaylordventilation.com/products/ventilation/el-series-ventilator
gaylordventilation,https://www.gaylordventilation.com/sites/default/files/EL-BBC-CL_0.pdf,,EL Series Ventilator,,gaylordventilation.com,Brochures,https://www.gaylordventilation.com/products/ventilation/el-series-ventilator
gaylordventilation,https://www.gaylordventilation.com/sites/default/files/PBW.pdf,,EL Series Ventilator,,gaylordventilation.com,Brochures,https://www.gaylordventilation.com/products/ventilation/el-series-ventilator
gaylordventilation,/gaylord-flipbooks/blue-book/index.html,,EL Series Ventilator,,gaylordventilation.com,Brochures,https://www.gaylordventilation.com/products/ventilation/el-series-ventilator
gaylordventilation,https://www.gaylordventilation.com/resource-center,,EL Series Ventilator,,gaylordventilation.com,Brochures,https://www.gaylordventilation.com/products/ventilation/el-series-ventilator
